[
{
  "fields": {
    "nome": "Centro oeste",
    "dt_criado": "2016-09-12T16:26:00+00:00",
    "dt_modificado": "2016-09-12T16:26:00+00:00"
  },
  "model": "cag.Regional",
  "pk": 1
},
{
  "fields": {
    "nome": "Nordeste",
    "dt_criado": "2016-09-12T16:26:00+00:00",
    "dt_modificado": "2016-09-12T16:26:00+00:00"
  },
  "model": "cag.Regional",
  "pk": 2
},
{
  "fields": {
    "nome": "Norte",
    "dt_criado": "2016-09-12T16:26:00+00:00",
    "dt_modificado": "2016-09-12T16:26:00+00:00"
  },
  "model": "cag.Regional",
  "pk": 3
},
{
  "fields": {
    "nome": "Oeste",
    "dt_criado": "2016-09-12T16:26:00+00:00",
    "dt_modificado": "2016-09-12T16:26:00+00:00"
  },
  "model": "cag.Regional",
  "pk": 4
},
{
  "fields": {
    "nome": "Sul",
    "dt_criado": "2016-09-12T16:26:00+00:00",
    "dt_modificado": "2016-09-12T16:26:00+00:00"
  },
  "model": "cag.Regional",
  "pk": 5
},
{
  "fields": {
    "nome": "Centro",
    "dt_criado": "2016-09-12T16:26:00+00:00",
    "dt_modificado": "2016-09-12T16:26:00+00:00"
  },
  "model": "cag.Regional",
  "pk": 6
},
{
  "fields": {
    "nome": "Leste",
    "dt_criado": "2016-09-12T16:26:00+00:00",
    "dt_modificado": "2016-09-12T16:26:00+00:00"
  },
  "model": "cag.Regional",
  "pk": 7
},
{
  "fields": {
    "nome": "Noroeste",
    "dt_criado": "2016-09-12T16:26:00+00:00",
    "dt_modificado": "2016-09-12T16:26:00+00:00"
  },
  "model": "cag.Regional",
  "pk": 8
},
{
  "fields": {
    "nome": "Altamira",
    "dt_criado": "2016-09-12T16:26:00+00:00",
    "dt_modificado": "2016-09-12T16:26:00+00:00"
  },
  "model": "cag.BaseRegional",
  "pk": 1
},
{
  "fields": {
    "nome": "Baixo Tocantins",
    "dt_criado": "2016-09-12T16:26:00+00:00",
    "dt_modificado": "2016-09-12T16:26:00+00:00"
  },
  "model": "cag.BaseRegional",
  "pk": 2
},
{
  "fields": {
    "nome": "Capanema",
    "dt_criado": "2016-09-12T16:26:00+00:00",
    "dt_modificado": "2016-09-12T16:26:00+00:00"
  },
  "model": "cag.BaseRegional",
  "pk": 3
},
{
  "fields": {
    "nome": "Castanhal",
    "dt_criado": "2016-09-12T16:26:00+00:00",
    "dt_modificado": "2016-09-12T16:26:00+00:00"
  },
  "model": "cag.BaseRegional",
  "pk": 4
},
{
  "fields": {
    "nome": "Itaituba",
    "dt_criado": "2016-09-12T16:26:00+00:00",
    "dt_modificado": "2016-09-12T16:26:00+00:00"
  },
  "model": "cag.BaseRegional",
  "pk": 5
},
{
  "fields": {
    "nome": "Maraba",
    "dt_criado": "2016-09-12T16:26:00+00:00",
    "dt_modificado": "2016-09-12T16:26:00+00:00"
  },
  "model": "cag.BaseRegional",
  "pk": 6
},
{
  "fields": {
    "nome": "Marajo",
    "dt_criado": "2016-09-12T16:26:00+00:00",
    "dt_modificado": "2016-09-12T16:26:00+00:00"
  },
  "model": "cag.BaseRegional",
  "pk": 7
},
{
  "fields": {
    "nome": "Metropolitana",
    "dt_criado": "2016-09-12T16:26:00+00:00",
    "dt_modificado": "2016-09-12T16:26:00+00:00"
  },
  "model": "cag.BaseRegional",
  "pk": 8
},
{
  "fields": {
    "nome": "Paragominas",
    "dt_criado": "2016-09-12T16:26:00+00:00",
    "dt_modificado": "2016-09-12T16:26:00+00:00"
  },
  "model": "cag.BaseRegional",
  "pk": 9
},
{
  "fields": {
    "nome": "Parauapebas",
    "dt_criado": "2016-09-12T16:26:00+00:00",
    "dt_modificado": "2016-09-12T16:26:00+00:00"
  },
  "model": "cag.BaseRegional",
  "pk": 10
},
{
  "fields": {
    "nome": "Redencao",
    "dt_criado": "2016-09-12T16:26:00+00:00",
    "dt_modificado": "2016-09-12T16:26:00+00:00"
  },
  "model": "cag.BaseRegional",
  "pk": 11
},
{
  "fields": {
    "nome": "Santarem",
    "dt_criado": "2016-09-12T16:26:00+00:00",
    "dt_modificado": "2016-09-12T16:26:00+00:00"
  },
  "model": "cag.BaseRegional",
  "pk": 12
},
{
  "fields": {
    "nome": "Fibra Optica",
    "dt_criado": "2016-09-12T16:26:00+00:00",
    "dt_modificado": "2016-09-12T16:26:00+00:00"
  },
  "model": "cag.TipoLink",
  "pk": 1
},
{
  "fields": {
    "nome": "Link Oi",
    "dt_criado": "2016-09-12T16:26:00+00:00",
    "dt_modificado": "2016-09-12T16:26:00+00:00"
  },
  "model": "cag.TipoLink",
  "pk": 2
},
{
  "fields": {
    "nome": "Modem 3G",
    "dt_criado": "2016-09-12T16:26:00+00:00",
    "dt_modificado": "2016-09-12T16:26:00+00:00"
  },
  "model": "cag.TipoLink",
  "pk": 3
},
{
  "fields": {
    "nome": "Off",
    "dt_criado": "2016-09-12T16:26:00+00:00",
    "dt_modificado": "2016-09-12T16:26:00+00:00"
  },
  "model": "cag.TipoLink",
  "pk": 4
},
{
  "fields": {
    "nome": "Provedor De Internet",
    "dt_criado": "2016-09-12T16:26:00+00:00",
    "dt_modificado": "2016-09-12T16:26:00+00:00"
  },
  "model": "cag.TipoLink",
  "pk": 5
},
{
  "fields": {
    "nome": "Via Radio",
    "dt_criado": "2016-09-12T16:26:00+00:00",
    "dt_modificado": "2016-09-12T16:26:00+00:00"
  },
  "model": "cag.TipoLink",
  "pk": 6
},
{
  "fields": {
    "nome": "Alfa",
    "dt_criado": "2016-09-12T16:26:00+00:00",
    "dt_modificado": "2016-09-12T16:26:00+00:00"
  },
  "model": "cag.TipoAgenciaPex",
  "pk": 1
},
{
  "fields": {
    "nome": "Beta",
    "dt_criado": "2016-09-12T16:26:00+00:00",
    "dt_modificado": "2016-09-12T16:26:00+00:00"
  },
  "model": "cag.TipoAgenciaPex",
  "pk": 2
},
{
  "fields": {
    "nome": "Ômega",
    "dt_criado": "2016-09-12T16:26:00+00:00",
    "dt_modificado": "2016-09-12T16:26:00+00:00"
  },
  "model": "cag.TipoAgenciaPex",
  "pk": 3
},
{
  "fields": {
    "nome": "PA1 (20h)",
    "qtd": 1,
    "tipologia": 3,
    "dt_criado": "2016-09-12T16:26:00+00:00",
    "dt_modificado": "2016-09-12T16:26:00+00:00"
  },
  "model": "cag.PontoAtendimento",
  "pk": 1
},
{
  "fields": {
    "nome": "PA1 (44h)",
    "qtd": 1,
    "tipologia": 3,
    "dt_criado": "2016-09-12T16:26:00+00:00",
    "dt_modificado": "2016-09-12T16:26:00+00:00"
  },
  "model": "cag.PontoAtendimento",
  "pk": 2
},
{
  "fields": {
    "nome": "PA2 (44h)",
    "qtd": 2,
    "tipologia": 2,
    "dt_criado": "2016-09-12T16:26:00+00:00",
    "dt_modificado": "2016-09-12T16:26:00+00:00"
  },
  "model": "cag.PontoAtendimento",
  "pk": 3
},
{
  "fields": {
    "nome": "PA3 (44h)",
    "qtd": 3,
    "tipologia": 2,
    "dt_criado": "2016-09-12T16:26:00+00:00",
    "dt_modificado": "2016-09-12T16:26:00+00:00"
  },
  "model": "cag.PontoAtendimento",
  "pk": 4
},
{
  "fields": {
    "nome": "PA4 (44h)",
    "qtd": 4,
    "tipologia": 2,
    "dt_criado": "2016-09-12T16:26:00+00:00",
    "dt_modificado": "2016-09-12T16:26:00+00:00"
  },
  "model": "cag.PontoAtendimento",
  "pk": 5
},
{
  "fields": {
    "nome": "PA5 (44h)",
    "qtd": 5,
    "tipologia": 2,
    "dt_criado": "2016-09-12T16:26:00+00:00",
    "dt_modificado": "2016-09-12T16:26:00+00:00"
  },
  "model": "cag.PontoAtendimento",
  "pk": 6
},
{
  "fields": {
    "nome": "PA6 (44h)",
    "qtd": 6,
    "tipologia": 1,
    "dt_criado": "2016-09-12T16:26:00+00:00",
    "dt_modificado": "2016-09-12T16:26:00+00:00"
  },
  "model": "cag.PontoAtendimento",
  "pk": 7
},
{
  "fields": {
    "nome": "PA8 (44h)",
    "qtd": 8,
    "tipologia": 1,
    "dt_criado": "2016-09-12T16:26:00+00:00",
    "dt_modificado": "2016-09-12T16:26:00+00:00"
  },
  "model": "cag.PontoAtendimento",
  "pk": 8
},
{
  "fields": {
    "nome": "PA9 (44h)",
    "qtd": 9,
    "tipologia": 1,
    "dt_criado": "2016-09-12T16:26:00+00:00",
    "dt_modificado": "2016-09-12T16:26:00+00:00"
  },
  "model": "cag.PontoAtendimento",
  "pk": 9
},
{
  "fields": {
    "nome": "PA10 (44h)",
    "qtd": 10,
    "tipologia": 1,
    "dt_criado": "2016-09-12T16:26:00+00:00",
    "dt_modificado": "2016-09-12T16:26:00+00:00"
  },
  "model": "cag.PontoAtendimento",
  "pk": 10
},
{
  "fields": {
    "nome": "PA11 (44h)",
    "qtd": 11,
    "tipologia": 1,
    "dt_criado": "2016-09-12T16:26:00+00:00",
    "dt_modificado": "2016-09-12T16:26:00+00:00"
  },
  "model": "cag.PontoAtendimento",
  "pk": 11
},
{
  "fields": {
    "nome": "Açaiteua",
    "empresa": 1,
    "regional": 2,
    "baseregional": 3,
    "is_credenciado": "f",
    "dt_criado": "2016-09-12T16:26:00+00:00",
    "dt_modificado": "2016-09-12T16:26:00+00:00"
  },
  "model": "cag.Agencia",
  "pk": 1
},
{
  "fields": {
    "nome": "Augusto Correa",
    "empresa": 1,
    "regional": 2,
    "baseregional": 3,
    "is_credenciado": "f" ,
    "dt_criado": "2016-09-12T16:26:00+00:00",
    "dt_modificado": "2016-09-12T16:26:00+00:00"
  },
  "model": "cag.Agencia",
  "pk": 2
},
{
  "fields": {
    "nome": "Bonito",
    "empresa": 1,
    "regional": 2,
    "baseregional": 3,
    "is_credenciado": "t" ,
    "dt_criado": "2016-09-12T16:26:00+00:00",
    "dt_modificado": "2016-09-12T16:26:00+00:00"
  },
  "model": "cag.Agencia",
  "pk": 3
},
{
  "fields": {
    "nome": "Bragança",
    "empresa": 1,
    "regional": 2,
    "baseregional": 3,
    "is_credenciado": "f" ,
    "dt_criado": "2016-09-12T16:26:00+00:00",
    "dt_modificado": "2016-09-12T16:26:00+00:00"
  },
  "model": "cag.Agencia",
  "pk": 4
},
{
  "fields": {
    "nome": "Cachoeira Do Piria",
    "empresa": 1,
    "regional": 2,
    "baseregional": 3,
    "is_credenciado": "t" ,
    "dt_criado": "2016-09-12T16:26:00+00:00",
    "dt_modificado": "2016-09-12T16:26:00+00:00"
  },
  "model": "cag.Agencia",
  "pk": 5
},
{
  "fields": {
    "nome": "Capanema",
    "empresa": 1,
    "regional": 2,
    "baseregional": 3,
    "is_credenciado": "f" ,
    "dt_criado": "2016-09-12T16:26:00+00:00",
    "dt_modificado": "2016-09-12T16:26:00+00:00"
  },
  "model": "cag.Agencia",
  "pk": 6
},
{
  "fields": {
    "nome": "Capitao Poco",
    "empresa": 1,
    "regional": 2,
    "baseregional": 3,
    "is_credenciado": "f" ,
    "dt_criado": "2016-09-12T16:26:00+00:00",
    "dt_modificado": "2016-09-12T16:26:00+00:00"
  },
  "model": "cag.Agencia",
  "pk": 7
},
{
  "fields": {
    "nome": "Garrafao Do Norte",
    "empresa": 1,
    "regional": 2,
    "baseregional": 3,
    "is_credenciado": "f" ,
    "dt_criado": "2016-09-12T16:26:00+00:00",
    "dt_modificado": "2016-09-12T16:26:00+00:00"
  },
  "model": "cag.Agencia",
  "pk": 8
},
{
  "fields": {
    "nome": "Nova Esperanca Do Piria",
    "empresa": 1,
    "regional": 2,
    "baseregional": 3,
    "is_credenciado": "t" ,
    "dt_criado": "2016-09-12T16:26:00+00:00",
    "dt_modificado": "2016-09-12T16:26:00+00:00"
  },
  "model": "cag.Agencia",
  "pk": 9
},
{
  "fields": {
    "nome": "Nova Timboteua",
    "empresa": 1,
    "regional": 2,
    "baseregional": 3,
    "is_credenciado": "t" ,
    "dt_criado": "2016-09-12T16:26:00+00:00",
    "dt_modificado": "2016-09-12T16:26:00+00:00"
  },
  "model": "cag.Agencia",
  "pk": 10
},
{
  "fields": {
    "nome": "Ourem",
    "empresa": 1,
    "regional": 2,
    "baseregional": 3,
    "is_credenciado": "t" ,
    "dt_criado": "2016-09-12T16:26:00+00:00",
    "dt_modificado": "2016-09-12T16:26:00+00:00"
  },
  "model": "cag.Agencia",
  "pk": 11
},
{
  "fields": {
    "nome": "Peixe-Boi",
    "empresa": 1,
    "regional": 2,
    "baseregional": 3,
    "is_credenciado": "t" ,
    "dt_criado": "2016-09-12T16:26:00+00:00",
    "dt_modificado": "2016-09-12T16:26:00+00:00"
  },
  "model": "cag.Agencia",
  "pk": 12
},
{
  "fields": {
    "nome": "Primavera",
    "empresa": 1,
    "regional": 2,
    "baseregional": 3,
    "is_credenciado": "t" ,
    "dt_criado": "2016-09-12T16:26:00+00:00",
    "dt_modificado": "2016-09-12T16:26:00+00:00"
  },
  "model": "cag.Agencia",
  "pk": 13
},
{
  "fields": {
    "nome": "Quatipuru",
    "empresa": 1,
    "regional": 2,
    "baseregional": 3,
    "is_credenciado": "t" ,
    "dt_criado": "2016-09-12T16:26:00+00:00",
    "dt_modificado": "2016-09-12T16:26:00+00:00"
  },
  "model": "cag.Agencia",
  "pk": 14
},
{
  "fields": {
    "nome": "Salinopolis",
    "empresa": 1,
    "regional": 2,
    "baseregional": 3,
    "is_credenciado": "f" ,
    "dt_criado": "2016-09-12T16:26:00+00:00",
    "dt_modificado": "2016-09-12T16:26:00+00:00"
  },
  "model": "cag.Agencia",
  "pk": 15
},
{
  "fields": {
    "nome": "Santa Luzia Do Para",
    "empresa": 1,
    "regional": 2,
    "baseregional": 3,
    "is_credenciado": "f" ,
    "dt_criado": "2016-09-12T16:26:00+00:00",
    "dt_modificado": "2016-09-12T16:26:00+00:00"
  },
  "model": "cag.Agencia",
  "pk": 16
},
{
  "fields": {
    "nome": "Santarem Novo",
    "empresa": 1,
    "regional": 2,
    "baseregional": 3,
    "is_credenciado": "t" ,
    "dt_criado": "2016-09-12T16:26:00+00:00",
    "dt_modificado": "2016-09-12T16:26:00+00:00"
  },
  "model": "cag.Agencia",
  "pk": 17
},
{
  "fields": {
    "nome": "Tracuateua",
    "empresa": 1,
    "regional": 2,
    "baseregional": 3,
    "is_credenciado": "t" ,
    "dt_criado": "2016-09-12T16:26:00+00:00",
    "dt_modificado": "2016-09-12T16:26:00+00:00"
  },
  "model": "cag.Agencia",
  "pk": 18
},
{
  "fields": {
    "nome": "Viseu",
    "empresa": 1,
    "regional": 2,
    "baseregional": 3,
    "is_credenciado": "f" ,
    "dt_criado": "2016-09-12T16:26:00+00:00",
    "dt_modificado": "2016-09-12T16:26:00+00:00"
  },
  "model": "cag.Agencia",
  "pk": 19
},
{
  "fields": {
    "nome": "Castanhal",
    "empresa": 1,
    "regional": 2,
    "baseregional": 4,
    "is_credenciado": "f" ,
    "dt_criado": "2016-09-12T16:26:00+00:00",
    "dt_modificado": "2016-09-12T16:26:00+00:00"
  },
  "model": "cag.Agencia",
  "pk": 20
},
{
  "fields": {
    "nome": "Colares",
    "empresa": 1,
    "regional": 2,
    "baseregional": 4,
    "is_credenciado": "t" ,
    "dt_criado": "2016-09-12T16:26:00+00:00",
    "dt_modificado": "2016-09-12T16:26:00+00:00"
  },
  "model": "cag.Agencia",
  "pk": 21
},
{
  "fields": {
    "nome": "Curuca",
    "empresa": 1,
    "regional": 2,
    "baseregional": 4,
    "is_credenciado": "f" ,
    "dt_criado": "2016-09-12T16:26:00+00:00",
    "dt_modificado": "2016-09-12T16:26:00+00:00"
  },
  "model": "cag.Agencia",
  "pk": 22
},
{
  "fields": {
    "nome": "Igarape-Acu",
    "empresa": 1,
    "regional": 2,
    "baseregional": 4,
    "is_credenciado": "f" ,
    "dt_criado": "2016-09-12T16:26:00+00:00",
    "dt_modificado": "2016-09-12T16:26:00+00:00"
  },
  "model": "cag.Agencia",
  "pk": 23
},
{
  "fields": {
    "nome": "Inhangapi",
    "empresa": 1,
    "regional": 2,
    "baseregional": 4,
    "is_credenciado": "t" ,
    "dt_criado": "2016-09-12T16:26:00+00:00",
    "dt_modificado": "2016-09-12T16:26:00+00:00"
  },
  "model": "cag.Agencia",
  "pk": 24
},
{
  "fields": {
    "nome": "Magalhaes Barata",
    "empresa": 1,
    "regional": 2,
    "baseregional": 4,
    "is_credenciado": "t" ,
    "dt_criado": "2016-09-12T16:26:00+00:00",
    "dt_modificado": "2016-09-12T16:26:00+00:00"
  },
  "model": "cag.Agencia",
  "pk": 25
},
{
  "fields": {
    "nome": "Maracana",
    "empresa": 1,
    "regional": 2,
    "baseregional": 4,
    "is_credenciado": "f" ,
    "dt_criado": "2016-09-12T16:26:00+00:00",
    "dt_modificado": "2016-09-12T16:26:00+00:00"
  },
  "model": "cag.Agencia",
  "pk": 26
},
{
  "fields": {
    "nome": "Marapanim",
    "empresa": 1,
    "regional": 2,
    "baseregional": 4,
    "is_credenciado": "f" ,
    "dt_criado": "2016-09-12T16:26:00+00:00",
    "dt_modificado": "2016-09-12T16:26:00+00:00"
  },
  "model": "cag.Agencia",
  "pk": 27
},
{
  "fields": {
    "nome": "Santa Maria Do Pará",
    "empresa": 1,
    "regional": 2,
    "baseregional": 4,
    "is_credenciado": "f" ,
    "dt_criado": "2016-09-12T16:26:00+00:00",
    "dt_modificado": "2016-09-12T16:26:00+00:00"
  },
  "model": "cag.Agencia",
  "pk": 28
},
{
  "fields": {
    "nome": "Santo Antonio Do Taua",
    "empresa": 1,
    "regional": 2,
    "baseregional": 4,
    "is_credenciado": "f" ,
    "dt_criado": "2016-09-12T16:26:00+00:00",
    "dt_modificado": "2016-09-12T16:26:00+00:00"
  },
  "model": "cag.Agencia",
  "pk": 29
},
{
  "fields": {
    "nome": "Sao Caetano De Odivelas",
    "empresa": 1,
    "regional": 2,
    "baseregional": 4,
    "is_credenciado": "t" ,
    "dt_criado": "2016-09-12T16:26:00+00:00",
    "dt_modificado": "2016-09-12T16:26:00+00:00"
  },
  "model": "cag.Agencia",
  "pk": 30
},
{
  "fields": {
    "nome": "Sao Domingos Do Capim",
    "empresa": 1,
    "regional": 2,
    "baseregional": 4,
    "is_credenciado": "t" ,
    "dt_criado": "2016-09-12T16:26:00+00:00",
    "dt_modificado": "2016-09-12T16:26:00+00:00"
  },
  "model": "cag.Agencia",
  "pk": 31
},
{
  "fields": {
    "nome": "Sao Francisco Do Para",
    "empresa": 1,
    "regional": 2,
    "baseregional": 4,
    "is_credenciado": "t" ,
    "dt_criado": "2016-09-12T16:26:00+00:00",
    "dt_modificado": "2016-09-12T16:26:00+00:00"
  },
  "model": "cag.Agencia",
  "pk": 32
},
{
  "fields": {
    "nome": "Sao Joao Da Ponta",
    "empresa": 1,
    "regional": 2,
    "baseregional": 4,
    "is_credenciado": "t" ,
    "dt_criado": "2016-09-12T16:26:00+00:00",
    "dt_modificado": "2016-09-12T16:26:00+00:00"
  },
  "model": "cag.Agencia",
  "pk": 33
},
{
  "fields": {
    "nome": "Sao Joao De Pirabas",
    "empresa": 1,
    "regional": 2,
    "baseregional": 4,
    "is_credenciado": "t" ,
    "dt_criado": "2016-09-12T16:26:00+00:00",
    "dt_modificado": "2016-09-12T16:26:00+00:00"
  },
  "model": "cag.Agencia",
  "pk": 34
},
{
  "fields": {
    "nome": "Terra Alta",
    "empresa": 1,
    "regional": 2,
    "baseregional": 4,
    "is_credenciado": "t" ,
    "dt_criado": "2016-09-12T16:26:00+00:00",
    "dt_modificado": "2016-09-12T16:26:00+00:00"
  },
  "model": "cag.Agencia",
  "pk": 35
},
{
  "fields": {
    "nome": "Vigia",
    "empresa": 1,
    "regional": 2,
    "baseregional": 4,
    "is_credenciado": "f" ,
    "dt_criado": "2016-09-12T16:26:00+00:00",
    "dt_modificado": "2016-09-12T16:26:00+00:00"
  },
  "model": "cag.Agencia",
  "pk": 36
},
{
  "fields": {
    "nome": "Acara",
    "empresa": 1,
    "regional": 2,
    "baseregional": 9,
    "is_credenciado": "f" ,
    "dt_criado": "2016-09-12T16:26:00+00:00",
    "dt_modificado": "2016-09-12T16:26:00+00:00"
  },
  "model": "cag.Agencia",
  "pk": 37
},
{
  "fields": {
    "nome": "Aurora Do Para",
    "empresa": 1,
    "regional": 2,
    "baseregional": 9,
    "is_credenciado": "t" ,
    "dt_criado": "2016-09-12T16:26:00+00:00",
    "dt_modificado": "2016-09-12T16:26:00+00:00"
  },
  "model": "cag.Agencia",
  "pk": 38
},
{
  "fields": {
    "nome": "Bujaru",
    "empresa": 1,
    "regional": 2,
    "baseregional": 9,
    "is_credenciado": "t" ,
    "dt_criado": "2016-09-12T16:26:00+00:00",
    "dt_modificado": "2016-09-12T16:26:00+00:00"
  },
  "model": "cag.Agencia",
  "pk": 39
},
{
  "fields": {
    "nome": "Concordia Do Para",
    "empresa": 1,
    "regional": 2,
    "baseregional": 9,
    "is_credenciado": "t" ,
    "dt_criado": "2016-09-12T16:26:00+00:00",
    "dt_modificado": "2016-09-12T16:26:00+00:00"
  },
  "model": "cag.Agencia",
  "pk": 40
},
{
  "fields": {
    "nome": "Ipixuna Do Para",
    "empresa": 1,
    "regional": 2,
    "baseregional": 9,
    "is_credenciado": "t" ,
    "dt_criado": "2016-09-12T16:26:00+00:00",
    "dt_modificado": "2016-09-12T16:26:00+00:00"
  },
  "model": "cag.Agencia",
  "pk": 41
},
{
  "fields": {
    "nome": "Irituia",
    "empresa": 1,
    "regional": 2,
    "baseregional": 9,
    "is_credenciado": "f" ,
    "dt_criado": "2016-09-12T16:26:00+00:00",
    "dt_modificado": "2016-09-12T16:26:00+00:00"
  },
  "model": "cag.Agencia",
  "pk": 42
},
{
  "fields": {
    "nome": "Mae Do Rio",
    "empresa": 1,
    "regional": 2,
    "baseregional": 9,
    "is_credenciado": "f" ,
    "dt_criado": "2016-09-12T16:26:00+00:00",
    "dt_modificado": "2016-09-12T16:26:00+00:00"
  },
  "model": "cag.Agencia",
  "pk": 43
},
{
  "fields": {
    "nome": "Paragominas",
    "empresa": 1,
    "regional": 2,
    "baseregional": 9,
    "is_credenciado": "f" ,
    "dt_criado": "2016-09-12T16:26:00+00:00",
    "dt_modificado": "2016-09-12T16:26:00+00:00"
  },
  "model": "cag.Agencia",
  "pk": 44
},
{
  "fields": {
    "nome": "Sao Miguel Do  Guama",
    "empresa": 1,
    "regional": 2,
    "baseregional": 9,
    "is_credenciado": "f" ,
    "dt_criado": "2016-09-12T16:26:00+00:00",
    "dt_modificado": "2016-09-12T16:26:00+00:00"
  },
  "model": "cag.Agencia",
  "pk": 45
},
{
  "fields": {
    "nome": "Tome-Acu",
    "empresa": 1,
    "regional": 2,
    "baseregional": 9,
    "is_credenciado": "f" ,
    "dt_criado": "2016-09-12T16:26:00+00:00",
    "dt_modificado": "2016-09-12T16:26:00+00:00"
  },
  "model": "cag.Agencia",
  "pk": 46
},
{
  "fields": {
    "nome": "Ulianopolis",
    "empresa": 1,
    "regional": 2,
    "baseregional": 9,
    "is_credenciado": "f" ,
    "dt_criado": "2016-09-12T16:26:00+00:00",
    "dt_modificado": "2016-09-12T16:26:00+00:00"
  },
  "model": "cag.Agencia",
  "pk": 47
},
{
  "fields": {
    "nome": "Abaetetuba",
    "empresa": 1,
    "regional": 3,
    "baseregional": 2,
    "is_credenciado": "f" ,
    "dt_criado": "2016-09-12T16:26:00+00:00",
    "dt_modificado": "2016-09-12T16:26:00+00:00"
  },
  "model": "cag.Agencia",
  "pk": 48
},
{
  "fields": {
    "nome": "Baiao",
    "empresa": 1,
    "regional": 3,
    "baseregional": 2,
    "is_credenciado": "f" ,
    "dt_criado": "2016-09-12T16:26:00+00:00",
    "dt_modificado": "2016-09-12T16:26:00+00:00"
  },
  "model": "cag.Agencia",
  "pk": 49
},
{
  "fields": {
    "nome": "Barcarena",
    "empresa": 1,
    "regional": 3,
    "baseregional": 2,
    "is_credenciado": "f" ,
    "dt_criado": "2016-09-12T16:26:00+00:00",
    "dt_modificado": "2016-09-12T16:26:00+00:00"
  },
  "model": "cag.Agencia",
  "pk": 50
},
{
  "fields": {
    "nome": "Cametá",
    "empresa": 1,
    "regional": 3,
    "baseregional": 2,
    "is_credenciado": "f" ,
    "dt_criado": "2016-09-12T16:26:00+00:00",
    "dt_modificado": "2016-09-12T16:26:00+00:00"
  },
  "model": "cag.Agencia",
  "pk": 51
},
{
  "fields": {
    "nome": "Igarape-Miri",
    "empresa": 1,
    "regional": 3,
    "baseregional": 2,
    "is_credenciado": "f" ,
    "dt_criado": "2016-09-12T16:26:00+00:00",
    "dt_modificado": "2016-09-12T16:26:00+00:00"
  },
  "model": "cag.Agencia",
  "pk": 52
},
{
  "fields": {
    "nome": "Limoeiro Do Ajuru",
    "empresa": 1,
    "regional": 3,
    "baseregional": 2,
    "is_credenciado": "t" ,
    "dt_criado": "2016-09-12T16:26:00+00:00",
    "dt_modificado": "2016-09-12T16:26:00+00:00"
  },
  "model": "cag.Agencia",
  "pk": 53
},
{
  "fields": {
    "nome": "Mocajuba",
    "empresa": 1,
    "regional": 3,
    "baseregional": 2,
    "is_credenciado": "t" ,
    "dt_criado": "2016-09-12T16:26:00+00:00",
    "dt_modificado": "2016-09-12T16:26:00+00:00"
  },
  "model": "cag.Agencia",
  "pk": 54
},
{
  "fields": {
    "nome": "Moju",
    "empresa": 1,
    "regional": 3,
    "baseregional": 2,
    "is_credenciado": "f" ,
    "dt_criado": "2016-09-12T16:26:00+00:00",
    "dt_modificado": "2016-09-12T16:26:00+00:00"
  },
  "model": "cag.Agencia",
  "pk": 55
},
{
  "fields": {
    "nome": "Muana",
    "empresa": 1,
    "regional": 3,
    "baseregional": 2,
    "is_credenciado": "t" ,
    "dt_criado": "2016-09-12T16:26:00+00:00",
    "dt_modificado": "2016-09-12T16:26:00+00:00"
  },
  "model": "cag.Agencia",
  "pk": 56
},
{
  "fields": {
    "nome": "Ponta De Pedras",
    "empresa": 1,
    "regional": 3,
    "baseregional": 2,
    "is_credenciado": "t" ,
    "dt_criado": "2016-09-12T16:26:00+00:00",
    "dt_modificado": "2016-09-12T16:26:00+00:00"
  },
  "model": "cag.Agencia",
  "pk": 57
},
{
  "fields": {
    "nome": "Tailandia ",
    "empresa": 1,
    "regional": 3,
    "baseregional": 2,
    "is_credenciado": "f" ,
    "dt_criado": "2016-09-12T16:26:00+00:00",
    "dt_modificado": "2016-09-12T16:26:00+00:00"
  },
  "model": "cag.Agencia",
  "pk": 58
},
{
  "fields": {
    "nome": "Vila Dos Cabanos",
    "empresa": 1,
    "regional": 3,
    "baseregional": 2,
    "is_credenciado": "f" ,
    "dt_criado": "2016-09-12T16:26:00+00:00",
    "dt_modificado": "2016-09-12T16:26:00+00:00"
  },
  "model": "cag.Agencia",
  "pk": 59
},
{
  "fields": {
    "nome": "Afua",
    "empresa": 1,
    "regional": 3,
    "baseregional": 7,
    "is_credenciado": "f" ,
    "dt_criado": "2016-09-12T16:26:00+00:00",
    "dt_modificado": "2016-09-12T16:26:00+00:00"
  },
  "model": "cag.Agencia",
  "pk": 60
},
{
  "fields": {
    "nome": "Anajas",
    "empresa": 1,
    "regional": 3,
    "baseregional": 7,
    "is_credenciado": "t" ,
    "dt_criado": "2016-09-12T16:26:00+00:00",
    "dt_modificado": "2016-09-12T16:26:00+00:00"
  },
  "model": "cag.Agencia",
  "pk": 61
},
{
  "fields": {
    "nome": "Bagre",
    "empresa": 1,
    "regional": 3,
    "baseregional": 7,
    "is_credenciado": "t" ,
    "dt_criado": "2016-09-12T16:26:00+00:00",
    "dt_modificado": "2016-09-12T16:26:00+00:00"
  },
  "model": "cag.Agencia",
  "pk": 62
},
{
  "fields": {
    "nome": "Breves",
    "empresa": 1,
    "regional": 3,
    "baseregional": 7,
    "is_credenciado": "f" ,
    "dt_criado": "2016-09-12T16:26:00+00:00",
    "dt_modificado": "2016-09-12T16:26:00+00:00"
  },
  "model": "cag.Agencia",
  "pk": 63
},
{
  "fields": {
    "nome": "Cachoeira Do Arari",
    "empresa": 1,
    "regional": 3,
    "baseregional": 7,
    "is_credenciado": "t" ,
    "dt_criado": "2016-09-12T16:26:00+00:00",
    "dt_modificado": "2016-09-12T16:26:00+00:00"
  },
  "model": "cag.Agencia",
  "pk": 64
},
{
  "fields": {
    "nome": "Chaves",
    "empresa": 1,
    "regional": 3,
    "baseregional": 7,
    "is_credenciado": "t" ,
    "dt_criado": "2016-09-12T16:26:00+00:00",
    "dt_modificado": "2016-09-12T16:26:00+00:00"
  },
  "model": "cag.Agencia",
  "pk": 65
},
{
  "fields": {
    "nome": "Curralinho",
    "empresa": 1,
    "regional": 3,
    "baseregional": 7,
    "is_credenciado": "t" ,
    "dt_criado": "2016-09-12T16:26:00+00:00",
    "dt_modificado": "2016-09-12T16:26:00+00:00"
  },
  "model": "cag.Agencia",
  "pk": 66
},
{
  "fields": {
    "nome": "Melgaco",
    "empresa": 1,
    "regional": 3,
    "baseregional": 7,
    "is_credenciado": "t" ,
    "dt_criado": "2016-09-12T16:26:00+00:00",
    "dt_modificado": "2016-09-12T16:26:00+00:00"
  },
  "model": "cag.Agencia",
  "pk": 67
},
{
  "fields": {
    "nome": "Oeiras Do Para",
    "empresa": 1,
    "regional": 3,
    "baseregional": 7,
    "is_credenciado": "t" ,
    "dt_criado": "2016-09-12T16:26:00+00:00",
    "dt_modificado": "2016-09-12T16:26:00+00:00"
  },
  "model": "cag.Agencia",
  "pk": 68
},
{
  "fields": {
    "nome": "Portel",
    "empresa": 1,
    "regional": 3,
    "baseregional": 7,
    "is_credenciado": "t" ,
    "dt_criado": "2016-09-12T16:26:00+00:00",
    "dt_modificado": "2016-09-12T16:26:00+00:00"
  },
  "model": "cag.Agencia",
  "pk": 69
},
{
  "fields": {
    "nome": "Salvaterra",
    "empresa": 1,
    "regional": 3,
    "baseregional": 7,
    "is_credenciado": "f" ,
    "dt_criado": "2016-09-12T16:26:00+00:00",
    "dt_modificado": "2016-09-12T16:26:00+00:00"
  },
  "model": "cag.Agencia",
  "pk": 70
},
{
  "fields": {
    "nome": "Santa Cruz Do Arari",
    "empresa": 1,
    "regional": 3,
    "baseregional": 7,
    "is_credenciado": "t" ,
    "dt_criado": "2016-09-12T16:26:00+00:00",
    "dt_modificado": "2016-09-12T16:26:00+00:00"
  },
  "model": "cag.Agencia",
  "pk": 71
},
{
  "fields": {
    "nome": "Sao Sebastiao Da Boa Vista",
    "empresa": 1,
    "regional": 3,
    "baseregional": 7,
    "is_credenciado": "f" ,
    "dt_criado": "2016-09-12T16:26:00+00:00",
    "dt_modificado": "2016-09-12T16:26:00+00:00"
  },
  "model": "cag.Agencia",
  "pk": 72
},
{
  "fields": {
    "nome": "Soure",
    "empresa": 1,
    "regional": 3,
    "baseregional": 7,
    "is_credenciado": "f" ,
    "dt_criado": "2016-09-12T16:26:00+00:00",
    "dt_modificado": "2016-09-12T16:26:00+00:00"
  },
  "model": "cag.Agencia",
  "pk": 73
},
{
  "fields": {
    "nome": "Benevides",
    "empresa": 1,
    "regional": 3,
    "baseregional": 8,
    "is_credenciado": "f" ,
    "dt_criado": "2016-09-12T16:26:00+00:00",
    "dt_modificado": "2016-09-12T16:26:00+00:00"
  },
  "model": "cag.Agencia",
  "pk": 74
},
{
  "fields": {
    "nome": "Br",
    "empresa": 1,
    "regional": 3,
    "baseregional": 8,
    "is_credenciado": "f" ,
    "dt_criado": "2016-09-12T16:26:00+00:00",
    "dt_modificado": "2016-09-12T16:26:00+00:00"
  },
  "model": "cag.Agencia",
  "pk": 75
},
{
  "fields": {
    "nome": "Cidade Nova",
    "empresa": 1,
    "regional": 3,
    "baseregional": 8,
    "is_credenciado": "f" ,
    "dt_criado": "2016-09-12T16:26:00+00:00",
    "dt_modificado": "2016-09-12T16:26:00+00:00"
  },
  "model": "cag.Agencia",
  "pk": 76
},
{
  "fields": {
    "nome": "Guamá",
    "empresa": 1,
    "regional": 3,
    "baseregional": 8,
    "is_credenciado": "f" ,
    "dt_criado": "2016-09-12T16:26:00+00:00",
    "dt_modificado": "2016-09-12T16:26:00+00:00"
  },
  "model": "cag.Agencia",
  "pk": 77
},
{
  "fields": {
    "nome": "Icoaraci",
    "empresa": 1,
    "regional": 3,
    "baseregional": 8,
    "is_credenciado": "f" ,
    "dt_criado": "2016-09-12T16:26:00+00:00",
    "dt_modificado": "2016-09-12T16:26:00+00:00"
  },
  "model": "cag.Agencia",
  "pk": 78
},
{
  "fields": {
    "nome": "Jurunas",
    "empresa": 1,
    "regional": 3,
    "baseregional": 8,
    "is_credenciado": "f" ,
    "dt_criado": "2016-09-12T16:26:00+00:00",
    "dt_modificado": "2016-09-12T16:26:00+00:00"
  },
  "model": "cag.Agencia",
  "pk": 79
},
{
  "fields": {
    "nome": "Marituba",
    "empresa": 1,
    "regional": 3,
    "baseregional": 8,
    "is_credenciado": "f" ,
    "dt_criado": "2016-09-12T16:26:00+00:00",
    "dt_modificado": "2016-09-12T16:26:00+00:00"
  },
  "model": "cag.Agencia",
  "pk": 80
},
{
  "fields": {
    "nome": "Mosqueiro",
    "empresa": 1,
    "regional": 3,
    "baseregional": 8,
    "is_credenciado": "f" ,
    "dt_criado": "2016-09-12T16:26:00+00:00",
    "dt_modificado": "2016-09-12T16:26:00+00:00"
  },
  "model": "cag.Agencia",
  "pk": 81
},
{
  "fields": {
    "nome": "Nazaré",
    "empresa": 1,
    "regional": 3,
    "baseregional": 8,
    "is_credenciado": "f" ,
    "dt_criado": "2016-09-12T16:26:00+00:00",
    "dt_modificado": "2016-09-12T16:26:00+00:00"
  },
  "model": "cag.Agencia",
  "pk": 82
},
{
  "fields": {
    "nome": "Pedreira",
    "empresa": 1,
    "regional": 3,
    "baseregional": 8,
    "is_credenciado": "f" ,
    "dt_criado": "2016-09-12T16:26:00+00:00",
    "dt_modificado": "2016-09-12T16:26:00+00:00"
  },
  "model": "cag.Agencia",
  "pk": 83
},
{
  "fields": {
    "nome": "Santa Barbara Do Para",
    "empresa": 1,
    "regional": 3,
    "baseregional": 8,
    "is_credenciado": "t" ,
    "dt_criado": "2016-09-12T16:26:00+00:00",
    "dt_modificado": "2016-09-12T16:26:00+00:00"
  },
  "model": "cag.Agencia",
  "pk": 84
},
{
  "fields": {
    "nome": "Santa Izabel Do Pará",
    "empresa": 1,
    "regional": 3,
    "baseregional": 8,
    "is_credenciado": "f" ,
    "dt_criado": "2016-09-12T16:26:00+00:00",
    "dt_modificado": "2016-09-12T16:26:00+00:00"
  },
  "model": "cag.Agencia",
  "pk": 85
},
{
  "fields": {
    "nome": "Aveiro",
    "empresa": 1,
    "regional": 4,
    "baseregional": 5,
    "is_credenciado": "t" ,
    "dt_criado": "2016-09-12T16:26:00+00:00",
    "dt_modificado": "2016-09-12T16:26:00+00:00"
  },
  "model": "cag.Agencia",
  "pk": 86
},
{
  "fields": {
    "nome": "Castelo Dos Sonhos",
    "empresa": 1,
    "regional": 4,
    "baseregional": 5,
    "is_credenciado": "t" ,
    "dt_criado": "2016-09-12T16:26:00+00:00",
    "dt_modificado": "2016-09-12T16:26:00+00:00"
  },
  "model": "cag.Agencia",
  "pk": 87
},
{
  "fields": {
    "nome": "Itaituba",
    "empresa": 1,
    "regional": 4,
    "baseregional": 5,
    "is_credenciado": "f" ,
    "dt_criado": "2016-09-12T16:26:00+00:00",
    "dt_modificado": "2016-09-12T16:26:00+00:00"
  },
  "model": "cag.Agencia",
  "pk": 88
},
{
  "fields": {
    "nome": "Jacareacanga",
    "empresa": 1,
    "regional": 4,
    "baseregional": 5,
    "is_credenciado": "t" ,
    "dt_criado": "2016-09-12T16:26:00+00:00",
    "dt_modificado": "2016-09-12T16:26:00+00:00"
  },
  "model": "cag.Agencia",
  "pk": 89
},
{
  "fields": {
    "nome": "Novo Progresso",
    "empresa": 1,
    "regional": 4,
    "baseregional": 5,
    "is_credenciado": "f" ,
    "dt_criado": "2016-09-12T16:26:00+00:00",
    "dt_modificado": "2016-09-12T16:26:00+00:00"
  },
  "model": "cag.Agencia",
  "pk": 90
},
{
  "fields": {
    "nome": "Ruropolis",
    "empresa": 1,
    "regional": 4,
    "baseregional": 5,
    "is_credenciado": "f" ,
    "dt_criado": "2016-09-12T16:26:00+00:00",
    "dt_modificado": "2016-09-12T16:26:00+00:00"
  },
  "model": "cag.Agencia",
  "pk": 91
},
{
  "fields": {
    "nome": "Trairão",
    "empresa": 1,
    "regional": 4,
    "baseregional": 5,
    "is_credenciado": "f" ,
    "dt_criado": "2016-09-12T16:26:00+00:00",
    "dt_modificado": "2016-09-12T16:26:00+00:00"
  },
  "model": "cag.Agencia",
  "pk": 92
},
{
  "fields": {
    "nome": "Alenquer",
    "empresa": 1,
    "regional": 4,
    "baseregional": 12,
    "is_credenciado": "f" ,
    "dt_criado": "2016-09-12T16:26:00+00:00",
    "dt_modificado": "2016-09-12T16:26:00+00:00"
  },
  "model": "cag.Agencia",
  "pk": 93
},
{
  "fields": {
    "nome": "Belterra",
    "empresa": 1,
    "regional": 4,
    "baseregional": 12,
    "is_credenciado": "t" ,
    "dt_criado": "2016-09-12T16:26:00+00:00",
    "dt_modificado": "2016-09-12T16:26:00+00:00"
  },
  "model": "cag.Agencia",
  "pk": 94
},
{
  "fields": {
    "nome": "Curua",
    "empresa": 1,
    "regional": 4,
    "baseregional": 12,
    "is_credenciado": "t" ,
    "dt_criado": "2016-09-12T16:26:00+00:00",
    "dt_modificado": "2016-09-12T16:26:00+00:00"
  },
  "model": "cag.Agencia",
  "pk": 95
},
{
  "fields": {
    "nome": "Estação Cidadania",
    "empresa": 1,
    "regional": 4,
    "baseregional": 12,
    "is_credenciado": "f" ,
    "dt_criado": "2016-09-12T16:26:00+00:00",
    "dt_modificado": "2016-09-12T16:26:00+00:00"
  },
  "model": "cag.Agencia",
  "pk": 96
},
{
  "fields": {
    "nome": "Faro",
    "empresa": 1,
    "regional": 4,
    "baseregional": 12,
    "is_credenciado": "t" ,
    "dt_criado": "2016-09-12T16:26:00+00:00",
    "dt_modificado": "2016-09-12T16:26:00+00:00"
  },
  "model": "cag.Agencia",
  "pk": 97
},
{
  "fields": {
    "nome": "Juruti",
    "empresa": 1,
    "regional": 4,
    "baseregional": 12,
    "is_credenciado": "f" ,
    "dt_criado": "2016-09-12T16:26:00+00:00",
    "dt_modificado": "2016-09-12T16:26:00+00:00"
  },
  "model": "cag.Agencia",
  "pk": 98
},
{
  "fields": {
    "nome": "Mojui Dos Campos",
    "empresa": 1,
    "regional": 4,
    "baseregional": 12,
    "is_credenciado": "t" ,
    "dt_criado": "2016-09-12T16:26:00+00:00",
    "dt_modificado": "2016-09-12T16:26:00+00:00"
  },
  "model": "cag.Agencia",
  "pk": 99
},
{
  "fields": {
    "nome": "Monte Alegre",
    "empresa": 1,
    "regional": 4,
    "baseregional": 12,
    "is_credenciado": "f" ,
    "dt_criado": "2016-09-12T16:26:00+00:00",
    "dt_modificado": "2016-09-12T16:26:00+00:00"
  },
  "model": "cag.Agencia",
  "pk": 100
},
{
  "fields": {
    "nome": "Obidos",
    "empresa": 1,
    "regional": 4,
    "baseregional": 12,
    "is_credenciado": "f" ,
    "dt_criado": "2016-09-12T16:26:00+00:00",
    "dt_modificado": "2016-09-12T16:26:00+00:00"
  },
  "model": "cag.Agencia",
  "pk": 101
},
{
  "fields": {
    "nome": "Oriximina",
    "empresa": 1,
    "regional": 4,
    "baseregional": 12,
    "is_credenciado": "f" ,
    "dt_criado": "2016-09-12T16:26:00+00:00",
    "dt_modificado": "2016-09-12T16:26:00+00:00"
  },
  "model": "cag.Agencia",
  "pk": 102
},
{
  "fields": {
    "nome": "Prainha",
    "empresa": 1,
    "regional": 4,
    "baseregional": 12,
    "is_credenciado": "t" ,
    "dt_criado": "2016-09-12T16:26:00+00:00",
    "dt_modificado": "2016-09-12T16:26:00+00:00"
  },
  "model": "cag.Agencia",
  "pk": 103
},
{
  "fields": {
    "nome": "Santarém",
    "empresa": 1,
    "regional": 4,
    "baseregional": 12,
    "is_credenciado": "f" ,
    "dt_criado": "2016-09-12T16:26:00+00:00",
    "dt_modificado": "2016-09-12T16:26:00+00:00"
  },
  "model": "cag.Agencia",
  "pk": 104
},
{
  "fields": {
    "nome": "Terra Santa",
    "empresa": 1,
    "regional": 4,
    "baseregional": 12,
    "is_credenciado": "t" ,
    "dt_criado": "2016-09-12T16:26:00+00:00",
    "dt_modificado": "2016-09-12T16:26:00+00:00"
  },
  "model": "cag.Agencia",
  "pk": 105
},
{
  "fields": {
    "nome": "Abel Figueiredo",
    "empresa": 1,
    "regional": 5,
    "baseregional": 6,
    "is_credenciado": "t" ,
    "dt_criado": "2016-09-12T16:26:00+00:00",
    "dt_modificado": "2016-09-12T16:26:00+00:00"
  },
  "model": "cag.Agencia",
  "pk": 106
},
{
  "fields": {
    "nome": "Bom Jesus Do Tocantins",
    "empresa": 1,
    "regional": 5,
    "baseregional": 6,
    "is_credenciado": "t" ,
    "dt_criado": "2016-09-12T16:26:00+00:00",
    "dt_modificado": "2016-09-12T16:26:00+00:00"
  },
  "model": "cag.Agencia",
  "pk": 107
},
{
  "fields": {
    "nome": "Brejo Grande Araguaia",
    "empresa": 1,
    "regional": 5,
    "baseregional": 6,
    "is_credenciado": "t" ,
    "dt_criado": "2016-09-12T16:26:00+00:00",
    "dt_modificado": "2016-09-12T16:26:00+00:00"
  },
  "model": "cag.Agencia",
  "pk": 108
},
{
  "fields": {
    "nome": "Breu Branco",
    "empresa": 1,
    "regional": 5,
    "baseregional": 6,
    "is_credenciado": "f" ,
    "dt_criado": "2016-09-12T16:26:00+00:00",
    "dt_modificado": "2016-09-12T16:26:00+00:00"
  },
  "model": "cag.Agencia",
  "pk": 109
},
{
  "fields": {
    "nome": "Dom Eliseu",
    "empresa": 1,
    "regional": 5,
    "baseregional": 6,
    "is_credenciado": "f" ,
    "dt_criado": "2016-09-12T16:26:00+00:00",
    "dt_modificado": "2016-09-12T16:26:00+00:00"
  },
  "model": "cag.Agencia",
  "pk": 110
},
{
  "fields": {
    "nome": "Goianesia Do Para",
    "empresa": 1,
    "regional": 5,
    "baseregional": 6,
    "is_credenciado": "f" ,
    "dt_criado": "2016-09-12T16:26:00+00:00",
    "dt_modificado": "2016-09-12T16:26:00+00:00"
  },
  "model": "cag.Agencia",
  "pk": 111
},
{
  "fields": {
    "nome": "Jacunda",
    "empresa": 1,
    "regional": 5,
    "baseregional": 6,
    "is_credenciado": "f" ,
    "dt_criado": "2016-09-12T16:26:00+00:00",
    "dt_modificado": "2016-09-12T16:26:00+00:00"
  },
  "model": "cag.Agencia",
  "pk": 112
},
{
  "fields": {
    "nome": "Marabá Ii",
    "empresa": 1,
    "regional": 5,
    "baseregional": 6,
    "is_credenciado": "f" ,
    "dt_criado": "2016-09-12T16:26:00+00:00",
    "dt_modificado": "2016-09-12T16:26:00+00:00"
  },
  "model": "cag.Agencia",
  "pk": 113
},
{
  "fields": {
    "nome": "Nova Ipixuna",
    "empresa": 1,
    "regional": 5,
    "baseregional": 6,
    "is_credenciado": "t" ,
    "dt_criado": "2016-09-12T16:26:00+00:00",
    "dt_modificado": "2016-09-12T16:26:00+00:00"
  },
  "model": "cag.Agencia",
  "pk": 114
},
{
  "fields": {
    "nome": "Novo Repartimento",
    "empresa": 1,
    "regional": 5,
    "baseregional": 6,
    "is_credenciado": "f" ,
    "dt_criado": "2016-09-12T16:26:00+00:00",
    "dt_modificado": "2016-09-12T16:26:00+00:00"
  },
  "model": "cag.Agencia",
  "pk": 115
},
{
  "fields": {
    "nome": "Pacaja",
    "empresa": 1,
    "regional": 5,
    "baseregional": 6,
    "is_credenciado": "f" ,
    "dt_criado": "2016-09-12T16:26:00+00:00",
    "dt_modificado": "2016-09-12T16:26:00+00:00"
  },
  "model": "cag.Agencia",
  "pk": 116
},
{
  "fields": {
    "nome": "Rondon Do Para",
    "empresa": 1,
    "regional": 5,
    "baseregional": 6,
    "is_credenciado": "f" ,
    "dt_criado": "2016-09-12T16:26:00+00:00",
    "dt_modificado": "2016-09-12T16:26:00+00:00"
  },
  "model": "cag.Agencia",
  "pk": 117
},
{
  "fields": {
    "nome": "Santa Fe",
    "empresa": 1,
    "regional": 5,
    "baseregional": 6,
    "is_credenciado": "f" ,
    "dt_criado": "2016-09-12T16:26:00+00:00",
    "dt_modificado": "2016-09-12T16:26:00+00:00"
  },
  "model": "cag.Agencia",
  "pk": 118
},
{
  "fields": {
    "nome": "Tucuruí",
    "empresa": 1,
    "regional": 5,
    "baseregional": 6,
    "is_credenciado": "f" ,
    "dt_criado": "2016-09-12T16:26:00+00:00",
    "dt_modificado": "2016-09-12T16:26:00+00:00"
  },
  "model": "cag.Agencia",
  "pk": 119
},
{
  "fields": {
    "nome": "Canaã Dos Carajás",
    "empresa": 1,
    "regional": 5,
    "baseregional": 10,
    "is_credenciado": "f" ,
    "dt_criado": "2016-09-12T16:26:00+00:00",
    "dt_modificado": "2016-09-12T16:26:00+00:00"
  },
  "model": "cag.Agencia",
  "pk": 120
},
{
  "fields": {
    "nome": "Cruzeiro Do Sul",
    "empresa": 1,
    "regional": 5,
    "baseregional": 10,
    "is_credenciado": "f" ,
    "dt_criado": "2016-09-12T16:26:00+00:00",
    "dt_modificado": "2016-09-12T16:26:00+00:00"
  },
  "model": "cag.Agencia",
  "pk": 121
},
{
  "fields": {
    "nome": "Curionopolis",
    "empresa": 1,
    "regional": 5,
    "baseregional": 10,
    "is_credenciado": "t" ,
    "dt_criado": "2016-09-12T16:26:00+00:00",
    "dt_modificado": "2016-09-12T16:26:00+00:00"
  },
  "model": "cag.Agencia",
  "pk": 122
},
{
  "fields": {
    "nome": "Eldorado Dos Carajas",
    "empresa": 1,
    "regional": 5,
    "baseregional": 10,
    "is_credenciado": "f" ,
    "dt_criado": "2016-09-12T16:26:00+00:00",
    "dt_modificado": "2016-09-12T16:26:00+00:00"
  },
  "model": "cag.Agencia",
  "pk": 123
},
{
  "fields": {
    "nome": "Itupiranga",
    "empresa": 1,
    "regional": 5,
    "baseregional": 10,
    "is_credenciado": "f" ,
    "dt_criado": "2016-09-12T16:26:00+00:00",
    "dt_modificado": "2016-09-12T16:26:00+00:00"
  },
  "model": "cag.Agencia",
  "pk": 124
},
{
  "fields": {
    "nome": "Palestina Do Para",
    "empresa": 1,
    "regional": 5,
    "baseregional": 10,
    "is_credenciado": "t" ,
    "dt_criado": "2016-09-12T16:26:00+00:00",
    "dt_modificado": "2016-09-12T16:26:00+00:00"
  },
  "model": "cag.Agencia",
  "pk": 125
},
{
  "fields": {
    "nome": "Parauapebas",
    "empresa": 1,
    "regional": 5,
    "baseregional": 10,
    "is_credenciado": "f" ,
    "dt_criado": "2016-09-12T16:26:00+00:00",
    "dt_modificado": "2016-09-12T16:26:00+00:00"
  },
  "model": "cag.Agencia",
  "pk": 126
},
{
  "fields": {
    "nome": "Picarra",
    "empresa": 1,
    "regional": 5,
    "baseregional": 10,
    "is_credenciado": "t" ,
    "dt_criado": "2016-09-12T16:26:00+00:00",
    "dt_modificado": "2016-09-12T16:26:00+00:00"
  },
  "model": "cag.Agencia",
  "pk": 127
},
{
  "fields": {
    "nome": "Sao Domingos Do Araguaia",
    "empresa": 1,
    "regional": 5,
    "baseregional": 10,
    "is_credenciado": "f" ,
    "dt_criado": "2016-09-12T16:26:00+00:00",
    "dt_modificado": "2016-09-12T16:26:00+00:00"
  },
  "model": "cag.Agencia",
  "pk": 128
},
{
  "fields": {
    "nome": "Sao Geraldo Do Araguaia",
    "empresa": 1,
    "regional": 5,
    "baseregional": 10,
    "is_credenciado": "f" ,
    "dt_criado": "2016-09-12T16:26:00+00:00",
    "dt_modificado": "2016-09-12T16:26:00+00:00"
  },
  "model": "cag.Agencia",
  "pk": 129
},
{
  "fields": {
    "nome": "Sao Joao Do Araguaia",
    "empresa": 1,
    "regional": 5,
    "baseregional": 10,
    "is_credenciado": "t" ,
    "dt_criado": "2016-09-12T16:26:00+00:00",
    "dt_modificado": "2016-09-12T16:26:00+00:00"
  },
  "model": "cag.Agencia",
  "pk": 130
},
{
  "fields": {
    "nome": "Agua Azul Do Norte",
    "empresa": 1,
    "regional": 5,
    "baseregional": 11,
    "is_credenciado": "t" ,
    "dt_criado": "2016-09-12T16:26:00+00:00",
    "dt_modificado": "2016-09-12T16:26:00+00:00"
  },
  "model": "cag.Agencia",
  "pk": 131
},
{
  "fields": {
    "nome": "Bannach",
    "empresa": 1,
    "regional": 5,
    "baseregional": 11,
    "is_credenciado": "t" ,
    "dt_criado": "2016-09-12T16:26:00+00:00",
    "dt_modificado": "2016-09-12T16:26:00+00:00"
  },
  "model": "cag.Agencia",
  "pk": 132
},
{
  "fields": {
    "nome": "Casa De Tábua",
    "empresa": 1,
    "regional": 5,
    "baseregional": 11,
    "is_credenciado": "t" ,
    "dt_criado": "2016-09-12T16:26:00+00:00",
    "dt_modificado": "2016-09-12T16:26:00+00:00"
  },
  "model": "cag.Agencia",
  "pk": 133
},
{
  "fields": {
    "nome": "Conceicao Do Araguaia",
    "empresa": 1,
    "regional": 5,
    "baseregional": 11,
    "is_credenciado": "f" ,
    "dt_criado": "2016-09-12T16:26:00+00:00",
    "dt_modificado": "2016-09-12T16:26:00+00:00"
  },
  "model": "cag.Agencia",
  "pk": 134
},
{
  "fields": {
    "nome": "Cumaru Do Norte",
    "empresa": 1,
    "regional": 5,
    "baseregional": 11,
    "is_credenciado": "t" ,
    "dt_criado": "2016-09-12T16:26:00+00:00",
    "dt_modificado": "2016-09-12T16:26:00+00:00"
  },
  "model": "cag.Agencia",
  "pk": 135
},
{
  "fields": {
    "nome": "Floresta Do Araguaia",
    "empresa": 1,
    "regional": 5,
    "baseregional": 11,
    "is_credenciado": "t" ,
    "dt_criado": "2016-09-12T16:26:00+00:00",
    "dt_modificado": "2016-09-12T16:26:00+00:00"
  },
  "model": "cag.Agencia",
  "pk": 136
},
{
  "fields": {
    "nome": "Ourilandia Do Norte",
    "empresa": 1,
    "regional": 5,
    "baseregional": 11,
    "is_credenciado": "t" ,
    "dt_criado": "2016-09-12T16:26:00+00:00",
    "dt_modificado": "2016-09-12T16:26:00+00:00"
  },
  "model": "cag.Agencia",
  "pk": 137
},
{
  "fields": {
    "nome": "Pau D Arco",
    "empresa": 1,
    "regional": 5,
    "baseregional": 11,
    "is_credenciado": "t" ,
    "dt_criado": "2016-09-12T16:26:00+00:00",
    "dt_modificado": "2016-09-12T16:26:00+00:00"
  },
  "model": "cag.Agencia",
  "pk": 138
},
{
  "fields": {
    "nome": "Redenção",
    "empresa": 1,
    "regional": 5,
    "baseregional": 11,
    "is_credenciado": "f" ,
    "dt_criado": "2016-09-12T16:26:00+00:00",
    "dt_modificado": "2016-09-12T16:26:00+00:00"
  },
  "model": "cag.Agencia",
  "pk": 139
},
{
  "fields": {
    "nome": "Rio Maria",
    "empresa": 1,
    "regional": 5,
    "baseregional": 11,
    "is_credenciado": "t" ,
    "dt_criado": "2016-09-12T16:26:00+00:00",
    "dt_modificado": "2016-09-12T16:26:00+00:00"
  },
  "model": "cag.Agencia",
  "pk": 140
},
{
  "fields": {
    "nome": "Rio Vermelho",
    "empresa": 1,
    "regional": 5,
    "baseregional": 11,
    "is_credenciado": "f" ,
    "dt_criado": "2016-09-12T16:26:00+00:00",
    "dt_modificado": "2016-09-12T16:26:00+00:00"
  },
  "model": "cag.Agencia",
  "pk": 141
},
{
  "fields": {
    "nome": "Santana Do Araguaia",
    "empresa": 1,
    "regional": 5,
    "baseregional": 11,
    "is_credenciado": "f" ,
    "dt_criado": "2016-09-12T16:26:00+00:00",
    "dt_modificado": "2016-09-12T16:26:00+00:00"
  },
  "model": "cag.Agencia",
  "pk": 142
},
{
  "fields": {
    "nome": "Sao Felix Do Xingu",
    "empresa": 1,
    "regional": 5,
    "baseregional": 11,
    "is_credenciado": "f" ,
    "dt_criado": "2016-09-12T16:26:00+00:00",
    "dt_modificado": "2016-09-12T16:26:00+00:00"
  },
  "model": "cag.Agencia",
  "pk": 143
},
{
  "fields": {
    "nome": "Sapucaia",
    "empresa": 1,
    "regional": 5,
    "baseregional": 11,
    "is_credenciado": "t" ,
    "dt_criado": "2016-09-12T16:26:00+00:00",
    "dt_modificado": "2016-09-12T16:26:00+00:00"
  },
  "model": "cag.Agencia",
  "pk": 144
},
{
  "fields": {
    "nome": "Tucumã",
    "empresa": 1,
    "regional": 5,
    "baseregional": 11,
    "is_credenciado": "f" ,
    "dt_criado": "2016-09-12T16:26:00+00:00",
    "dt_modificado": "2016-09-12T16:26:00+00:00"
  },
  "model": "cag.Agencia",
  "pk": 145
},
{
  "fields": {
    "nome": "Xinguara",
    "empresa": 1,
    "regional": 5,
    "baseregional": 11,
    "is_credenciado": "f" ,
    "dt_criado": "2016-09-12T16:26:00+00:00",
    "dt_modificado": "2016-09-12T16:26:00+00:00"
  },
  "model": "cag.Agencia",
  "pk": 146
},
{
  "fields": {
    "nome": "Almeirim",
    "empresa": 1,
    "regional": 1,
    "baseregional": 1,
    "is_credenciado": "f" ,
    "dt_criado": "2016-09-12T16:26:00+00:00",
    "dt_modificado": "2016-09-12T16:26:00+00:00"
  },
  "model": "cag.Agencia",
  "pk": 147
},
{
  "fields": {
    "nome": "Altamira",
    "empresa": 1,
    "regional": 1,
    "baseregional": 1,
    "is_credenciado": "f" ,
    "dt_criado": "2016-09-12T16:26:00+00:00",
    "dt_modificado": "2016-09-12T16:26:00+00:00"
  },
  "model": "cag.Agencia",
  "pk": 148
},
{
  "fields": {
    "nome": "Anapu",
    "empresa": 1,
    "regional": 1,
    "baseregional": 1,
    "is_credenciado": "t" ,
    "dt_criado": "2016-09-12T16:26:00+00:00",
    "dt_modificado": "2016-09-12T16:26:00+00:00"
  },
  "model": "cag.Agencia",
  "pk": 149
},
{
  "fields": {
    "nome": "Brasil Novo",
    "empresa": 1,
    "regional": 1,
    "baseregional": 1,
    "is_credenciado": "t" ,
    "dt_criado": "2016-09-12T16:26:00+00:00",
    "dt_modificado": "2016-09-12T16:26:00+00:00"
  },
  "model": "cag.Agencia",
  "pk": 150
},
{
  "fields": {
    "nome": "Gurupa",
    "empresa": 1,
    "regional": 1,
    "baseregional": 1,
    "is_credenciado": "t" ,
    "dt_criado": "2016-09-12T16:26:00+00:00",
    "dt_modificado": "2016-09-12T16:26:00+00:00"
  },
  "model": "cag.Agencia",
  "pk": 151
},
{
  "fields": {
    "nome": "Medicilandia",
    "empresa": 1,
    "regional": 1,
    "baseregional": 1,
    "is_credenciado": "f" ,
    "dt_criado": "2016-09-12T16:26:00+00:00",
    "dt_modificado": "2016-09-12T16:26:00+00:00"
  },
  "model": "cag.Agencia",
  "pk": 152
},
{
  "fields": {
    "nome": "Placas",
    "empresa": 1,
    "regional": 1,
    "baseregional": 1,
    "is_credenciado": "t" ,
    "dt_criado": "2016-09-12T16:26:00+00:00",
    "dt_modificado": "2016-09-12T16:26:00+00:00"
  },
  "model": "cag.Agencia",
  "pk": 153
},
{
  "fields": {
    "nome": "Porto De Moz",
    "empresa": 1,
    "regional": 1,
    "baseregional": 1,
    "is_credenciado": "t" ,
    "dt_criado": "2016-09-12T16:26:00+00:00",
    "dt_modificado": "2016-09-12T16:26:00+00:00"
  },
  "model": "cag.Agencia",
  "pk": 154
},
{
  "fields": {
    "nome": "Senador Jose Porfirio",
    "empresa": 1,
    "regional": 1,
    "baseregional": 1,
    "is_credenciado": "t" ,
    "dt_criado": "2016-09-12T16:26:00+00:00",
    "dt_modificado": "2016-09-12T16:26:00+00:00"
  },
  "model": "cag.Agencia",
  "pk": 155
},
{
  "fields": {
    "nome": "Uruara",
    "empresa": 1,
    "regional": 1,
    "baseregional": 1,
    "is_credenciado": "f" ,
    "dt_criado": "2016-09-12T16:26:00+00:00",
    "dt_modificado": "2016-09-12T16:26:00+00:00"
  },
  "model": "cag.Agencia",
  "pk": 156
},
{
  "fields": {
    "nome": "Vitoria Do Xingu",
    "empresa": 1,
    "regional": 1,
    "baseregional": 1,
    "is_credenciado": "t" ,
    "dt_criado": "2016-09-12T16:26:00+00:00",
    "dt_modificado": "2016-09-12T16:26:00+00:00"
  },
  "model": "cag.Agencia",
  "pk": 157
},
{
  "fields": {
    "agencia": 48,
    "pa": 4,
    "horario": 4,
    "link": 1,
    "uc": 4380649,
    "condicao": "proprio",
    "logradouro": "TV PADRE LUIS VARELA",
    "numero": "540",
    "bairro": "CENTRO",
    "municipio": "ABAETETUBA",
    "uf": "PA",
    "dt_criado": "2016-09-15T10:50:00+00:00",
    "dt_modificado": "2016-09-15T10:50:00+00:00"
  },
  "model": "cag.DetalheAgencia",
  "pk": 1
},
{
  "fields": {
    "agencia": 106,
    "pa": 1,
    "horario": 1,
    "link": 4,
    "uc": 8800510,
    "condicao": "naoinformado",
    "logradouro": "ALACID NUNES ",
    "numero": "184",
    "bairro": "CENTRO",
    "municipio": "ABEL FIGUEIREDO",
    "uf": "PA",
    "dt_criado": "2016-09-15T10:50:00+00:00",
    "dt_modificado": "2016-09-15T10:50:00+00:00"
  },
  "model": "cag.DetalheAgencia",
  "pk": 2
},
{
  "fields": {
    "agencia": 1,
    "pa": 2,
    "horario": 1,
    "link": 4,
    "uc": 13170290,
    "condicao": "alugado",
    "logradouro": "RUA DO CRUZEIRO ",
    "numero": "S/N",
    "bairro": "",
    "municipio": "VISEU",
    "uf": "PA",
    "dt_criado": "2016-09-15T10:50:00+00:00",
    "dt_modificado": "2016-09-15T10:50:00+00:00"
  },
  "model": "cag.DetalheAgencia",
  "pk": 3
},
{
  "fields": {
    "agencia": 37,
    "pa": 1,
    "horario": 2,
    "link": 6,
    "uc": 5662710,
    "condicao": "proprio",
    "logradouro": "RUA MARECHAL DEODORO DA FONSECA",
    "numero": "1952",
    "bairro": "",
    "municipio": "ACARA",
    "uf": "PA",
    "dt_criado": "2016-09-15T10:50:00+00:00",
    "dt_modificado": "2016-09-15T10:50:00+00:00"
  },
  "model": "cag.DetalheAgencia",
  "pk": 4
},
{
  "fields": {
    "agencia": 60,
    "pa": 1,
    "horario": 1,
    "link": 5,
    "uc": 4134508,
    "condicao": "proprio",
    "logradouro": "TV JOAQUIM  MATIAS",
    "numero": "110",
    "bairro": "CENTRO",
    "municipio": "AFUA",
    "uf": "PA",
    "dt_criado": "2016-09-15T10:50:00+00:00",
    "dt_modificado": "2016-09-15T10:50:00+00:00"
  },
  "model": "cag.DetalheAgencia",
  "pk": 5
},
{
  "fields": {
    "agencia": 131,
    "pa": 1,
    "horario": 1,
    "link": 5,
    "uc": 17946293,
    "condicao": "alugado",
    "logradouro": "AV LAGO AZUL SETOR 01 QD LT 296",
    "numero": "5",
    "bairro": "CENTRO",
    "municipio": "AGUA AZUL DO NORTE",
    "uf": "PA",
    "dt_criado": "2016-09-15T10:50:00+00:00",
    "dt_modificado": "2016-09-15T10:50:00+00:00"
  },
  "model": "cag.DetalheAgencia",
  "pk": 6
},
{
  "fields": {
    "agencia": 93,
    "pa": 2,
    "horario": 2,
    "link": 5,
    "uc": 17710818,
    "condicao": "alugado",
    "logradouro": "TV. LAURO SODRÉ",
    "numero": "S/N",
    "bairro": "ANINGAL",
    "municipio": "ALENQUER",
    "uf": "PA",
    "dt_criado": "2016-09-15T10:50:00+00:00",
    "dt_modificado": "2016-09-15T10:50:00+00:00"
  },
  "model": "cag.DetalheAgencia",
  "pk": 7
},
{
  "fields": {
    "agencia": 147,
    "pa": 1,
    "horario": 1,
    "link": 5,
    "uc": 3988872,
    "condicao": "alugado",
    "logradouro": "TV. 07 DE SETEMBRO",
    "numero": "1151",
    "bairro": "CENTRO",
    "municipio": "ALMEIRIM",
    "uf": "PA",
    "dt_criado": "2016-09-15T10:50:00+00:00",
    "dt_modificado": "2016-09-15T10:50:00+00:00"
  },
  "model": "cag.DetalheAgencia",
  "pk": 8
},
{
  "fields": {
    "agencia": 148,
    "pa": 7,
    "horario": 4,
    "link": 1,
    "uc": 4009398,
    "condicao": "proprio",
    "logradouro": "RUA 07 DE SETEMBRO",
    "numero": "2190",
    "bairro": "CENTRO",
    "municipio": "ALTAMIRA",
    "uf": "PA",
    "dt_criado": "2016-09-15T10:50:00+00:00",
    "dt_modificado": "2016-09-15T10:50:00+00:00"
  },
  "model": "cag.DetalheAgencia",
  "pk": 9
},
{
  "fields": {
    "agencia": 61,
    "pa": 2,
    "horario": 1,
    "link": 5,
    "uc": 14828745,
    "condicao": "alugado",
    "logradouro": "TV. FRANCISCO JR FILHO",
    "numero": "S/N",
    "bairro": "",
    "municipio": "ANAJAS",
    "uf": "PA",
    "dt_criado": "2016-09-15T10:50:00+00:00",
    "dt_modificado": "2016-09-15T10:50:00+00:00"
  },
  "model": "cag.DetalheAgencia",
  "pk": 10
},
{
  "fields": {
    "agencia": 149,
    "pa": 1,
    "horario": 1,
    "link": 4,
    "uc": 80644779,
    "condicao": "alugado",
    "logradouro": "AV. GETULIO VARGAS",
    "numero": "91",
    "bairro": "CENTRO",
    "municipio": "ANAPU",
    "uf": "PA",
    "dt_criado": "2016-09-15T10:50:00+00:00",
    "dt_modificado": "2016-09-15T10:50:00+00:00"
  },
  "model": "cag.DetalheAgencia",
  "pk": 11
},
{
  "fields": {
    "agencia": 2,
    "pa": 1,
    "horario": 2,
    "link": 6,
    "uc": 6419208,
    "condicao": "proprio",
    "logradouro": "RUA MANOEL AVELINO ALVES ",
    "numero": "S/N",
    "bairro": "",
    "municipio": "AUGUSTO CORREA",
    "uf": "PA",
    "dt_criado": "2016-09-15T10:50:00+00:00",
    "dt_modificado": "2016-09-15T10:50:00+00:00"
  },
  "model": "cag.DetalheAgencia",
  "pk": 12
},
{
  "fields": {
    "agencia": 38,
    "pa": 1,
    "horario": 1,
    "link": 6,
    "uc": 106148554,
    "condicao": "alugado",
    "logradouro": "RUA SÃO FRANCISCO ",
    "numero": "803",
    "bairro": "",
    "municipio": "AURORA DO PARA",
    "uf": "PA",
    "dt_criado": "2016-09-15T10:50:00+00:00",
    "dt_modificado": "2016-09-15T10:50:00+00:00"
  },
  "model": "cag.DetalheAgencia",
  "pk": 13
},
{
  "fields": {
    "agencia": 86,
    "pa": 1,
    "horario": 1,
    "link": 4,
    "uc": 3865029,
    "condicao": "alugado",
    "logradouro": "MAGALHAES BARATA",
    "numero": "340",
    "bairro": "",
    "municipio": "AVEIRO",
    "uf": "PA",
    "dt_criado": "2016-09-15T10:50:00+00:00",
    "dt_modificado": "2016-09-15T10:50:00+00:00"
  },
  "model": "cag.DetalheAgencia",
  "pk": 14
},
{
  "fields": {
    "agencia": 62,
    "pa": 1,
    "horario": 1,
    "link": 5,
    "uc": 13829071,
    "condicao": "alugado",
    "logradouro": "AV. FERNANDO GUILHOM",
    "numero": "S/N",
    "bairro": "PARAÍSO",
    "municipio": "BAGRE",
    "uf": "PA",
    "dt_criado": "2016-09-15T10:50:00+00:00",
    "dt_modificado": "2016-09-15T10:50:00+00:00"
  },
  "model": "cag.DetalheAgencia",
  "pk": 15
},
{
  "fields": {
    "agencia": 49,
    "pa": 1,
    "horario": 1,
    "link": 6,
    "uc": 15479582,
    "condicao": "alugado",
    "logradouro": "AV LEVINDO ROCHA ",
    "numero": "S/N",
    "bairro": "CENTRO",
    "municipio": "BAIAO",
    "uf": "PA",
    "dt_criado": "2016-09-15T10:50:00+00:00",
    "dt_modificado": "2016-09-15T10:50:00+00:00"
  },
  "model": "cag.DetalheAgencia",
  "pk": 16
},
{
  "fields": {
    "agencia": 132,
    "pa": 1,
    "horario": 1,
    "link": 4,
    "uc": 20177470,
    "condicao": "naoinformado",
    "logradouro": "AV PRINCIPAL AO LADO DA OFICINA PR MOTOS",
    "numero": "S/N",
    "bairro": "CENTRO",
    "municipio": "BANNACH",
    "uf": "PA",
    "dt_criado": "2016-09-15T10:50:00+00:00",
    "dt_modificado": "2016-09-15T10:50:00+00:00"
  },
  "model": "cag.DetalheAgencia",
  "pk": 17
},
{
  "fields": {
    "agencia": 50,
    "pa": 2,
    "horario": 2,
    "link": 6,
    "uc": 4589963,
    "condicao": "alugado",
    "logradouro": "AV. MAGALHAES BARATA ",
    "numero": "S/N",
    "bairro": "CENTRO",
    "municipio": "BARCARENA",
    "uf": "PA",
    "dt_criado": "2016-09-15T10:50:00+00:00",
    "dt_modificado": "2016-09-15T10:50:00+00:00"
  },
  "model": "cag.DetalheAgencia",
  "pk": 18
},
{
  "fields": {
    "agencia": 94,
    "pa": 1,
    "horario": 1,
    "link": 6,
    "uc": 18861062,
    "condicao": "alugado",
    "logradouro": "ESTRADA UM",
    "numero": "1088",
    "bairro": "CENTRO",
    "municipio": "BELTERRA",
    "uf": "PA",
    "dt_criado": "2016-09-15T10:50:00+00:00",
    "dt_modificado": "2016-09-15T10:50:00+00:00"
  },
  "model": "cag.DetalheAgencia",
  "pk": 19
},
{
  "fields": {
    "agencia": 74,
    "pa": 3,
    "horario": 4,
    "link": 1,
    "uc": 8282285,
    "condicao": "alugado",
    "logradouro": "RODOVIA AUGUSTO MEIRA FILHO",
    "numero": "95",
    "bairro": "CENTRO",
    "municipio": "BENEVIDES",
    "uf": "PA",
    "dt_criado": "2016-09-15T10:50:00+00:00",
    "dt_modificado": "2016-09-15T10:50:00+00:00"
  },
  "model": "cag.DetalheAgencia",
  "pk": 20
},
{
  "fields": {
    "agencia": 107,
    "pa": 1,
    "horario": 1,
    "link": 3,
    "uc": 104355064,
    "condicao": "alugado",
    "logradouro": "TV 05 DE ABRIL",
    "numero": "211",
    "bairro": "CENTRO",
    "municipio": "BOM JESUS DO TOCANTINS",
    "uf": "PA",
    "dt_criado": "2016-09-15T10:50:00+00:00",
    "dt_modificado": "2016-09-15T10:50:00+00:00"
  },
  "model": "cag.DetalheAgencia",
  "pk": 21
},
{
  "fields": {
    "agencia": 3,
    "pa": 1,
    "horario": 1,
    "link": 6,
    "uc": 6441513,
    "condicao": "alugado",
    "logradouro": "AV RUTH PASSARINHO",
    "numero": "1045",
    "bairro": "",
    "municipio": "BONITO",
    "uf": "PA",
    "dt_criado": "2016-09-15T10:50:00+00:00",
    "dt_modificado": "2016-09-15T10:50:00+00:00"
  },
  "model": "cag.DetalheAgencia",
  "pk": 22
},
{
  "fields": {
    "agencia": 75,
    "pa": 10,
    "horario": 4,
    "link": 1,
    "uc": 19649180,
    "condicao": "alugado",
    "logradouro": "RODOVIA BR 316",
    "numero": "41",
    "bairro": "",
    "municipio": "ANANINDEUA",
    "uf": "PA",
    "dt_criado": "2016-09-15T10:50:00+00:00",
    "dt_modificado": "2016-09-15T10:50:00+00:00"
  },
  "model": "cag.DetalheAgencia",
  "pk": 23
},
{
  "fields": {
    "agencia": 4,
    "pa": 5,
    "horario": 4,
    "link": 2,
    "uc": 6446507,
    "condicao": "alugado",
    "logradouro": "RUA GENERAL GURJÃO ",
    "numero": "S/N",
    "bairro": "",
    "municipio": "BRAGANCA",
    "uf": "PA",
    "dt_criado": "2016-09-15T10:50:00+00:00",
    "dt_modificado": "2016-09-15T10:50:00+00:00"
  },
  "model": "cag.DetalheAgencia",
  "pk": 24
},
{
  "fields": {
    "agencia": 150,
    "pa": 1,
    "horario": 1,
    "link": 4,
    "uc": 4117590,
    "condicao": "alugado",
    "logradouro": "TV. SÃO SEBASTIÃO",
    "numero": "1095",
    "bairro": "CENTRO",
    "municipio": "BRASIL NOVO",
    "uf": "PA",
    "dt_criado": "2016-09-15T10:50:00+00:00",
    "dt_modificado": "2016-09-15T10:50:00+00:00"
  },
  "model": "cag.DetalheAgencia",
  "pk": 25
},
{
  "fields": {
    "agencia": 108,
    "pa": 1,
    "horario": 1,
    "link": 4,
    "uc": 5353602,
    "condicao": "naoinformado",
    "logradouro": "AV 13 DE MAIO ",
    "numero": "S/N",
    "bairro": "CENTRO",
    "municipio": "BREJO GRANDE DO ARAGUAIA",
    "uf": "PA",
    "dt_criado": "2016-09-15T10:50:00+00:00",
    "dt_modificado": "2016-09-15T10:50:00+00:00"
  },
  "model": "cag.DetalheAgencia",
  "pk": 26
},
{
  "fields": {
    "agencia": 109,
    "pa": 2,
    "horario": 2,
    "link": 5,
    "uc": 11918620,
    "condicao": "alugado",
    "logradouro": "TV PROFESSOR JOÃO BATISTA ",
    "numero": "10",
    "bairro": "CENTRO",
    "municipio": "BREU BRANCO",
    "uf": "PA",
    "dt_criado": "2016-09-15T10:50:00+00:00",
    "dt_modificado": "2016-09-15T10:50:00+00:00"
  },
  "model": "cag.DetalheAgencia",
  "pk": 27
},
{
  "fields": {
    "agencia": 63,
    "pa": 2,
    "horario": 2,
    "link": 6,
    "uc": 4165179,
    "condicao": "alugado",
    "logradouro": "AV RIO BRANCO",
    "numero": "206",
    "bairro": "CENTRO",
    "municipio": "BREVES",
    "uf": "PA",
    "dt_criado": "2016-09-15T10:50:00+00:00",
    "dt_modificado": "2016-09-15T10:50:00+00:00"
  },
  "model": "cag.DetalheAgencia",
  "pk": 28
},
{
  "fields": {
    "agencia": 39,
    "pa": 1,
    "horario": 1,
    "link": 6,
    "uc": 5716764,
    "condicao": "alugado",
    "logradouro": "AVª  BARÃO DO RIO BRANCO",
    "numero": "16",
    "bairro": "",
    "municipio": "BUJARU",
    "uf": "PA",
    "dt_criado": "2016-09-15T10:50:00+00:00",
    "dt_modificado": "2016-09-15T10:50:00+00:00"
  },
  "model": "cag.DetalheAgencia",
  "pk": 29
},
{
  "fields": {
    "agencia": 64,
    "pa": 1,
    "horario": 1,
    "link": 5,
    "uc": 4296940,
    "condicao": "alugado",
    "logradouro": "TV. BEIRA MAR",
    "numero": "S/N",
    "bairro": "CHOQUE",
    "municipio": "CACHOEIRA DO ARARI",
    "uf": "PA",
    "dt_criado": "2016-09-15T10:50:00+00:00",
    "dt_modificado": "2016-09-15T10:50:00+00:00"
  },
  "model": "cag.DetalheAgencia",
  "pk": 30
},
{
  "fields": {
    "agencia": 5,
    "pa": 1,
    "horario": 1,
    "link": 4,
    "uc": 105543573,
    "condicao": "naoinformado",
    "logradouro": "AV. PRESIDENTE VARGAS",
    "numero": "118",
    "bairro": "CENTRO",
    "municipio": "CACHOEIRA DO PIRIA",
    "uf": "PA",
    "dt_criado": "2016-09-15T10:50:00+00:00",
    "dt_modificado": "2016-09-15T10:50:00+00:00"
  },
  "model": "cag.DetalheAgencia",
  "pk": 31
},
{
  "fields": {
    "agencia": 51,
    "pa": 3,
    "horario": 4,
    "link": 6,
    "uc": 4625064,
    "condicao": "alugado",
    "logradouro": "RUA 13 DE MAIO",
    "numero": "232",
    "bairro": "CENTRO",
    "municipio": "CAMETA",
    "uf": "PA",
    "dt_criado": "2016-09-15T10:50:00+00:00",
    "dt_modificado": "2016-09-15T10:50:00+00:00"
  },
  "model": "cag.DetalheAgencia",
  "pk": 32
},
{
  "fields": {
    "agencia": 120,
    "pa": 4,
    "horario": 4,
    "link": 5,
    "uc": 50366871,
    "condicao": "alugado",
    "logradouro": "RUA BENEDITO COSTA ",
    "numero": "537",
    "bairro": "CENTRO",
    "municipio": "CANAA DOS CARAJAS",
    "uf": "PA",
    "dt_criado": "2016-09-15T10:50:00+00:00",
    "dt_modificado": "2016-09-15T10:50:00+00:00"
  },
  "model": "cag.DetalheAgencia",
  "pk": 33
},
{
  "fields": {
    "agencia": 6,
    "pa": 3,
    "horario": 4,
    "link": 1,
    "uc": 6583105,
    "condicao": "alugado",
    "logradouro": "TV DJALMA DUTRA ",
    "numero": "S/N",
    "bairro": "",
    "municipio": "CAPANEMA",
    "uf": "PA",
    "dt_criado": "2016-09-15T10:50:00+00:00",
    "dt_modificado": "2016-09-15T10:50:00+00:00"
  },
  "model": "cag.DetalheAgencia",
  "pk": 34
},
{
  "fields": {
    "agencia": 7,
    "pa": 2,
    "horario": 4,
    "link": 6,
    "uc": 5729963,
    "condicao": "alugado",
    "logradouro": "TV TATAJUBA ",
    "numero": "S/N",
    "bairro": "",
    "municipio": "CAPITAO POCO",
    "uf": "PA",
    "dt_criado": "2016-09-15T10:50:00+00:00",
    "dt_modificado": "2016-09-15T10:50:00+00:00"
  },
  "model": "cag.DetalheAgencia",
  "pk": 35
},
{
  "fields": {
    "agencia": 133,
    "pa": 1,
    "horario": 1,
    "link": 3,
    "uc": 0,
    "condicao": "alugado",
    "logradouro": "AVENIDA PERIMETRAL ",
    "numero": "64",
    "bairro": "CENTRO",
    "municipio": "SANTA MARIA DAS BARREIRAS",
    "uf": "PA",
    "dt_criado": "2016-09-15T10:50:00+00:00",
    "dt_modificado": "2016-09-15T10:50:00+00:00"
  },
  "model": "cag.DetalheAgencia",
  "pk": 36
},
{
  "fields": {
    "agencia": 20,
    "pa": 8,
    "horario": 4,
    "link": 1,
    "uc": 6709621,
    "condicao": "proprio",
    "logradouro": "RUA QUINTINO BOCAIUVA ",
    "numero": "S/N",
    "bairro": "",
    "municipio": "CASTANHAL",
    "uf": "PA",
    "dt_criado": "2016-09-15T10:50:00+00:00",
    "dt_modificado": "2016-09-15T10:50:00+00:00"
  },
  "model": "cag.DetalheAgencia",
  "pk": 37
},
{
  "fields": {
    "agencia": 87,
    "pa": 1,
    "horario": 1,
    "link": 4,
    "uc": 102889690,
    "condicao": "naoinformado",
    "logradouro": "RUA LEO HECK",
    "numero": "915",
    "bairro": "",
    "municipio": "ALTAMIRA",
    "uf": "PA",
    "dt_criado": "2016-09-15T10:50:00+00:00",
    "dt_modificado": "2016-09-15T10:50:00+00:00"
  },
  "model": "cag.DetalheAgencia",
  "pk": 38
},
{
  "fields": {
    "agencia": 65,
    "pa": 1,
    "horario": 1,
    "link": 4,
    "uc": 12610149,
    "condicao": "alugado",
    "logradouro": "",
    "numero": "",
    "bairro": "",
    "municipio": "CHAVES",
    "uf": "PA",
    "dt_criado": "2016-09-15T10:50:00+00:00",
    "dt_modificado": "2016-09-15T10:50:00+00:00"
  },
  "model": "cag.DetalheAgencia",
  "pk": 39
},
{
  "fields": {
    "agencia": 76,
    "pa": 10,
    "horario": 4,
    "link": 1,
    "uc": 7814992,
    "condicao": "alugado",
    "logradouro": "TV WE-46 - CIDADE NOVA IV",
    "numero": "561",
    "bairro": "",
    "municipio": "ANANINDEUA",
    "uf": "PA",
    "dt_criado": "2016-09-15T10:50:00+00:00",
    "dt_modificado": "2016-09-15T10:50:00+00:00"
  },
  "model": "cag.DetalheAgencia",
  "pk": 40
},
{
  "fields": {
    "agencia": 21,
    "pa": 1,
    "horario": 1,
    "link": 6,
    "uc": 5984319,
    "condicao": "alugado",
    "logradouro": "AV 15 DE NOVEMBRO",
    "numero": "567",
    "bairro": "",
    "municipio": "COLARES",
    "uf": "PA",
    "dt_criado": "2016-09-15T10:50:00+00:00",
    "dt_modificado": "2016-09-15T10:50:00+00:00"
  },
  "model": "cag.DetalheAgencia",
  "pk": 41
},
{
  "fields": {
    "agencia": 134,
    "pa": 3,
    "horario": 4,
    "link": 5,
    "uc": 5571405,
    "condicao": "alugado",
    "logradouro": "PRAÇA DA BÍBLIA",
    "numero": "506",
    "bairro": "",
    "municipio": "CONCEICAO DO ARAGUAIA",
    "uf": "PA",
    "dt_criado": "2016-09-15T10:50:00+00:00",
    "dt_modificado": "2016-09-15T10:50:00+00:00"
  },
  "model": "cag.DetalheAgencia",
  "pk": 42
},
{
  "fields": {
    "agencia": 40,
    "pa": 1,
    "horario": 1,
    "link": 6,
    "uc": 102706960,
    "condicao": "alugado",
    "logradouro": "AV MARECHAL DEODORO DA FONSECA",
    "numero": "S/N",
    "bairro": "",
    "municipio": "CONCORDIA DO PARA",
    "uf": "PA",
    "dt_criado": "2016-09-15T10:50:00+00:00",
    "dt_modificado": "2016-09-15T10:50:00+00:00"
  },
  "model": "cag.DetalheAgencia",
  "pk": 43
},
{
  "fields": {
    "agencia": 121,
    "pa": 2,
    "horario": 2,
    "link": 5,
    "uc": 14924426,
    "condicao": "alugado",
    "logradouro": "TRAV 7 DE SETEMBRO",
    "numero": "1",
    "bairro": "",
    "municipio": "ITUPIRANGA",
    "uf": "PA",
    "dt_criado": "2016-09-15T10:50:00+00:00",
    "dt_modificado": "2016-09-15T10:50:00+00:00"
  },
  "model": "cag.DetalheAgencia",
  "pk": 44
},
{
  "fields": {
    "agencia": 135,
    "pa": 1,
    "horario": 1,
    "link": 4,
    "uc": 50142787,
    "condicao": "naoinformado",
    "logradouro": "AV DAS NAÇÕES",
    "numero": "S/N",
    "bairro": "",
    "municipio": "CUMARU DO NORTE",
    "uf": "PA",
    "dt_criado": "2016-09-15T10:50:00+00:00",
    "dt_modificado": "2016-09-15T10:50:00+00:00"
  },
  "model": "cag.DetalheAgencia",
  "pk": 45
},
{
  "fields": {
    "agencia": 122,
    "pa": 1,
    "horario": 1,
    "link": 5,
    "uc": 8941840,
    "condicao": "alugado",
    "logradouro": "AV GOVERNADOR CARLOS SANTOS ",
    "numero": "148",
    "bairro": "CENTRO",
    "municipio": "CURIONOPOLIS",
    "uf": "PA",
    "dt_criado": "2016-09-15T10:50:00+00:00",
    "dt_modificado": "2016-09-15T10:50:00+00:00"
  },
  "model": "cag.DetalheAgencia",
  "pk": 46
},
{
  "fields": {
    "agencia": 66,
    "pa": 1,
    "horario": 1,
    "link": 5,
    "uc": 4216296,
    "condicao": "alugado",
    "logradouro": "TV. BREVES",
    "numero": "51",
    "bairro": "MARAMBAIA",
    "municipio": "CURRALINHO",
    "uf": "PA",
    "dt_criado": "2016-09-15T10:50:00+00:00",
    "dt_modificado": "2016-09-15T10:50:00+00:00"
  },
  "model": "cag.DetalheAgencia",
  "pk": 47
},
{
  "fields": {
    "agencia": 95,
    "pa": 1,
    "horario": 1,
    "link": 5,
    "uc": 19539253,
    "condicao": "alugado",
    "logradouro": "RUA PEREIRA ",
    "numero": "567",
    "bairro": "",
    "municipio": "CURUA",
    "uf": "PA",
    "dt_criado": "2016-09-15T10:50:00+00:00",
    "dt_modificado": "2016-09-15T10:50:00+00:00"
  },
  "model": "cag.DetalheAgencia",
  "pk": 48
},
{
  "fields": {
    "agencia": 22,
    "pa": 2,
    "horario": 2,
    "link": 6,
    "uc": 6006191,
    "condicao": "alugado",
    "logradouro": "RUA JOÃO GUALBERTO DE CAMPOS",
    "numero": "157",
    "bairro": "",
    "municipio": "CURUCA",
    "uf": "PA",
    "dt_criado": "2016-09-15T10:50:00+00:00",
    "dt_modificado": "2016-09-15T10:50:00+00:00"
  },
  "model": "cag.DetalheAgencia",
  "pk": 49
},
{
  "fields": {
    "agencia": 110,
    "pa": 3,
    "horario": 4,
    "link": 5,
    "uc": 9096620,
    "condicao": "alugado",
    "logradouro": "RUA BERNARDO SAYÃO ",
    "numero": "141",
    "bairro": "CENTRO",
    "municipio": "DOM ELISEU",
    "uf": "PA",
    "dt_criado": "2016-09-15T10:50:00+00:00",
    "dt_modificado": "2016-09-15T10:50:00+00:00"
  },
  "model": "cag.DetalheAgencia",
  "pk": 50
},
{
  "fields": {
    "agencia": 123,
    "pa": 1,
    "horario": 1,
    "link": 5,
    "uc": 50300757,
    "condicao": "alugado",
    "logradouro": "AV SÃO GERALDO ",
    "numero": "51",
    "bairro": "",
    "municipio": "ELDORADO DOS CARAJAS",
    "uf": "PA",
    "dt_criado": "2016-09-15T10:50:00+00:00",
    "dt_modificado": "2016-09-15T10:50:00+00:00"
  },
  "model": "cag.DetalheAgencia",
  "pk": 51
},
{
  "fields": {
    "agencia": 96,
    "pa": 7,
    "horario": 4,
    "link": 1,
    "uc": 0,
    "condicao": "comodato",
    "logradouro": "AV. TOCANTINS",
    "numero": "S/N",
    "bairro": "PRAINHA",
    "municipio": "SANTAREM",
    "uf": "PA",
    "dt_criado": "2016-09-15T10:50:00+00:00",
    "dt_modificado": "2016-09-15T10:50:00+00:00"
  },
  "model": "cag.DetalheAgencia",
  "pk": 52
},
{
  "fields": {
    "agencia": 97,
    "pa": 1,
    "horario": 1,
    "link": 3,
    "uc": 3275272,
    "condicao": "proprio",
    "logradouro": "RUA SETE DE SETEMBRO",
    "numero": "S/N",
    "bairro": "",
    "municipio": "FARO",
    "uf": "PA",
    "dt_criado": "2016-09-15T10:50:00+00:00",
    "dt_modificado": "2016-09-15T10:50:00+00:00"
  },
  "model": "cag.DetalheAgencia",
  "pk": 53
},
{
  "fields": {
    "agencia": 136,
    "pa": 1,
    "horario": 1,
    "link": 4,
    "uc": 50376052,
    "condicao": "naoinformado",
    "logradouro": "AV SETE DE TEMBRO ",
    "numero": "1808",
    "bairro": "CENTRO",
    "municipio": "FLORESTA DO ARAGUAIA",
    "uf": "PA",
    "dt_criado": "2016-09-15T10:50:00+00:00",
    "dt_modificado": "2016-09-15T10:50:00+00:00"
  },
  "model": "cag.DetalheAgencia",
  "pk": 54
},
{
  "fields": {
    "agencia": 8,
    "pa": 1,
    "horario": 1,
    "link": 6,
    "uc": 9164839,
    "condicao": "alugado",
    "logradouro": "TV. FLORIANO PEIXOTO ",
    "numero": "S/N",
    "bairro": "",
    "municipio": "GARRAFAO DO NORTE",
    "uf": "PA",
    "dt_criado": "2016-09-15T10:50:00+00:00",
    "dt_modificado": "2016-09-15T10:50:00+00:00"
  },
  "model": "cag.DetalheAgencia",
  "pk": 55
},
{
  "fields": {
    "agencia": 111,
    "pa": 2,
    "horario": 2,
    "link": 5,
    "uc": 13257558,
    "condicao": "alugado",
    "logradouro": "AV TANCREDO NEVES",
    "numero": "54 B E C",
    "bairro": "CENTRO",
    "municipio": "GOIANESIA DO PARA",
    "uf": "PA",
    "dt_criado": "2016-09-15T10:50:00+00:00",
    "dt_modificado": "2016-09-15T10:50:00+00:00"
  },
  "model": "cag.DetalheAgencia",
  "pk": 56
},
{
  "fields": {
    "agencia": 77,
    "pa": 6,
    "horario": 3,
    "link": 1,
    "uc": 0,
    "condicao": "comodato",
    "logradouro": "AV. JOSE BONIFACIO",
    "numero": "2308",
    "bairro": "",
    "municipio": "BELEM",
    "uf": "PA",
    "dt_criado": "2016-09-15T10:50:00+00:00",
    "dt_modificado": "2016-09-15T10:50:00+00:00"
  },
  "model": "cag.DetalheAgencia",
  "pk": 57
},
{
  "fields": {
    "agencia": 151,
    "pa": 1,
    "horario": 1,
    "link": 6,
    "uc": 4225287,
    "condicao": "proprio",
    "logradouro": "AV SANTO ANTONIO",
    "numero": "1110",
    "bairro": "CENTRO",
    "municipio": "GURUPA",
    "uf": "PA",
    "dt_criado": "2016-09-15T10:50:00+00:00",
    "dt_modificado": "2016-09-15T10:50:00+00:00"
  },
  "model": "cag.DetalheAgencia",
  "pk": 58
},
{
  "fields": {
    "agencia": 78,
    "pa": 10,
    "horario": 4,
    "link": 1,
    "uc": 2574608,
    "condicao": "proprio",
    "logradouro": "AV PADRE JULIO MARIA",
    "numero": "500",
    "bairro": "",
    "municipio": "BELEM",
    "uf": "PA",
    "dt_criado": "2016-09-15T10:50:00+00:00",
    "dt_modificado": "2016-09-15T10:50:00+00:00"
  },
  "model": "cag.DetalheAgencia",
  "pk": 59
},
{
  "fields": {
    "agencia": 52,
    "pa": 2,
    "horario": 2,
    "link": 6,
    "uc": 4671490,
    "condicao": "proprio",
    "logradouro": "RUA PADRE VITORIA",
    "numero": "1014",
    "bairro": "CENTRO",
    "municipio": "IGARAPE-MIRI",
    "uf": "PA",
    "dt_criado": "2016-09-15T10:50:00+00:00",
    "dt_modificado": "2016-09-15T10:50:00+00:00"
  },
  "model": "cag.DetalheAgencia",
  "pk": 60
},
{
  "fields": {
    "agencia": 23,
    "pa": 3,
    "horario": 4,
    "link": 6,
    "uc": 7040709,
    "condicao": "proprio",
    "logradouro": "AV MAGALHAES BARATA",
    "numero": "3982",
    "bairro": "",
    "municipio": "IGARAPE-ACU",
    "uf": "PA",
    "dt_criado": "2016-09-15T10:50:00+00:00",
    "dt_modificado": "2016-09-15T10:50:00+00:00"
  },
  "model": "cag.DetalheAgencia",
  "pk": 61
},
{
  "fields": {
    "agencia": 24,
    "pa": 1,
    "horario": 1,
    "link": 4,
    "uc": 7052405,
    "condicao": "naoinformado",
    "logradouro": "AV SÃO VICENTE",
    "numero": "130",
    "bairro": "",
    "municipio": "INHANGAPI",
    "uf": "PA",
    "dt_criado": "2016-09-15T10:50:00+00:00",
    "dt_modificado": "2016-09-15T10:50:00+00:00"
  },
  "model": "cag.DetalheAgencia",
  "pk": 62
},
{
  "fields": {
    "agencia": 41,
    "pa": 1,
    "horario": 1,
    "link": 6,
    "uc": 5964440,
    "condicao": "alugado",
    "logradouro": "RUA SARGENTO SIMPLICIO",
    "numero": "S/N",
    "bairro": "",
    "municipio": "IPIXUNA DO PARA",
    "uf": "PA",
    "dt_criado": "2016-09-15T10:50:00+00:00",
    "dt_modificado": "2016-09-15T10:50:00+00:00"
  },
  "model": "cag.DetalheAgencia",
  "pk": 63
},
{
  "fields": {
    "agencia": 42,
    "pa": 1,
    "horario": 1,
    "link": 6,
    "uc": 11600212,
    "condicao": "alugado",
    "logradouro": "RUA SIQUEIRA CAMPOS ",
    "numero": "S/N",
    "bairro": "",
    "municipio": "IRITUIA",
    "uf": "PA",
    "dt_criado": "2016-09-15T10:50:00+00:00",
    "dt_modificado": "2016-09-15T10:50:00+00:00"
  },
  "model": "cag.DetalheAgencia",
  "pk": 64
},
{
  "fields": {
    "agencia": 88,
    "pa": 7,
    "horario": 4,
    "link": 1,
    "uc": 3865932,
    "condicao": "alugado",
    "logradouro": "AVENIDA MARANHÃO (DÉCIMA TERCEIRA RUA, ESQUINA COM JUSTO CHERMONT)",
    "numero": "122",
    "bairro": "BELA VISTA",
    "municipio": "ITAITUBA",
    "uf": "PA",
    "dt_criado": "2016-09-15T10:50:00+00:00",
    "dt_modificado": "2016-09-15T10:50:00+00:00"
  },
  "model": "cag.DetalheAgencia",
  "pk": 65
},
{
  "fields": {
    "agencia": 124,
    "pa": 2,
    "horario": 2,
    "link": 5,
    "uc": 4840887,
    "condicao": "proprio",
    "logradouro": "TV 7 DE SETEMBRO",
    "numero": "1",
    "bairro": "",
    "municipio": "ITUPIRANGA",
    "uf": "PA",
    "dt_criado": "2016-09-15T10:50:00+00:00",
    "dt_modificado": "2016-09-15T10:50:00+00:00"
  },
  "model": "cag.DetalheAgencia",
  "pk": 66
},
{
  "fields": {
    "agencia": 89,
    "pa": 1,
    "horario": 1,
    "link": 6,
    "uc": 17773917,
    "condicao": "alugado",
    "logradouro": "SANTOS DUMONT",
    "numero": "13",
    "bairro": "",
    "municipio": "JACAREACANGA",
    "uf": "PA",
    "dt_criado": "2016-09-15T10:50:00+00:00",
    "dt_modificado": "2016-09-15T10:50:00+00:00"
  },
  "model": "cag.DetalheAgencia",
  "pk": 67
},
{
  "fields": {
    "agencia": 112,
    "pa": 3,
    "horario": 4,
    "link": 5,
    "uc": 37987999,
    "condicao": "alugado",
    "logradouro": "RUA ALACID NUNES ",
    "numero": "193",
    "bairro": "CENTRO",
    "municipio": "JACUNDA",
    "uf": "PA",
    "dt_criado": "2016-09-15T10:50:00+00:00",
    "dt_modificado": "2016-09-15T10:50:00+00:00"
  },
  "model": "cag.DetalheAgencia",
  "pk": 68
},
{
  "fields": {
    "agencia": 79,
    "pa": 5,
    "horario": 3,
    "link": 1,
    "uc": 0,
    "condicao": "comodato",
    "logradouro": "RUA SÃO SILVESTRE (ESQUINA COM TUPINAMBÁS)",
    "numero": "1300",
    "bairro": "",
    "municipio": "BELEM",
    "uf": "PA",
    "dt_criado": "2016-09-15T10:50:00+00:00",
    "dt_modificado": "2016-09-15T10:50:00+00:00"
  },
  "model": "cag.DetalheAgencia",
  "pk": 69
},
{
  "fields": {
    "agencia": 98,
    "pa": 1,
    "horario": 2,
    "link": 6,
    "uc": 3301265,
    "condicao": "proprio",
    "logradouro": "RUA JOAQUIM GOMES DO AMARAL",
    "numero": "156",
    "bairro": "",
    "municipio": "JURUTI",
    "uf": "PA",
    "dt_criado": "2016-09-15T10:50:00+00:00",
    "dt_modificado": "2016-09-15T10:50:00+00:00"
  },
  "model": "cag.DetalheAgencia",
  "pk": 70
},
{
  "fields": {
    "agencia": 53,
    "pa": 1,
    "horario": 1,
    "link": 6,
    "uc": 12307861,
    "condicao": "alugado",
    "logradouro": "TV. ONEZINHIO RODRIGUES",
    "numero": "971",
    "bairro": "",
    "municipio": "LIMOEIRO DO AJURU",
    "uf": "PA",
    "dt_criado": "2016-09-15T10:50:00+00:00",
    "dt_modificado": "2016-09-15T10:50:00+00:00"
  },
  "model": "cag.DetalheAgencia",
  "pk": 71
},
{
  "fields": {
    "agencia": 43,
    "pa": 2,
    "horario": 2,
    "link": 6,
    "uc": 10112362,
    "condicao": "alugado",
    "logradouro": "AV CASTELO BRANCO ",
    "numero": "375",
    "bairro": "",
    "municipio": "MAE DO RIO",
    "uf": "PA",
    "dt_criado": "2016-09-15T10:50:00+00:00",
    "dt_modificado": "2016-09-15T10:50:00+00:00"
  },
  "model": "cag.DetalheAgencia",
  "pk": 72
},
{
  "fields": {
    "agencia": 25,
    "pa": 1,
    "horario": 1,
    "link": 6,
    "uc": 19442152,
    "condicao": "alugado",
    "logradouro": "TV. FLORENCIA LOPES",
    "numero": "S/N",
    "bairro": "",
    "municipio": "MAGALHAES BARATA",
    "uf": "PA",
    "dt_criado": "2016-09-15T10:50:00+00:00",
    "dt_modificado": "2016-09-15T10:50:00+00:00"
  },
  "model": "cag.DetalheAgencia",
  "pk": 73
},
{
  "fields": {
    "agencia": 113,
    "pa": 11,
    "horario": 4,
    "link": 1,
    "uc": 16366161,
    "condicao": "alugado",
    "logradouro": "VP - 07 FL - 21 QD LT - 22",
    "numero": "10",
    "bairro": "NOVA MARABÁ",
    "municipio": "MARABA",
    "uf": "PA",
    "dt_criado": "2016-09-15T10:50:00+00:00",
    "dt_modificado": "2016-09-15T10:50:00+00:00"
  },
  "model": "cag.DetalheAgencia",
  "pk": 74
},
{
  "fields": {
    "agencia": 26,
    "pa": 1,
    "horario": 1,
    "link": 6,
    "uc": 6064949,
    "condicao": "alugado",
    "logradouro": "TV SATURNIO COSTA",
    "numero": "4949",
    "bairro": "",
    "municipio": "MARACANA",
    "uf": "PA",
    "dt_criado": "2016-09-15T10:50:00+00:00",
    "dt_modificado": "2016-09-15T10:50:00+00:00"
  },
  "model": "cag.DetalheAgencia",
  "pk": 75
},
{
  "fields": {
    "agencia": 27,
    "pa": 2,
    "horario": 2,
    "link": 6,
    "uc": 6106927,
    "condicao": "proprio",
    "logradouro": "RUA JOÃO ALFREDO",
    "numero": "S/N",
    "bairro": "",
    "municipio": "MARAPANIM",
    "uf": "PA",
    "dt_criado": "2016-09-15T10:50:00+00:00",
    "dt_modificado": "2016-09-15T10:50:00+00:00"
  },
  "model": "cag.DetalheAgencia",
  "pk": 76
},
{
  "fields": {
    "agencia": 80,
    "pa": 7,
    "horario": 4,
    "link": 1,
    "uc": 8172269,
    "condicao": "proprio",
    "logradouro": "TV RAIMUNDO BARBOSA SANTANA",
    "numero": "256",
    "bairro": "CENTRO",
    "municipio": "MARITUBA",
    "uf": "PA",
    "dt_criado": "2016-09-15T10:50:00+00:00",
    "dt_modificado": "2016-09-15T10:50:00+00:00"
  },
  "model": "cag.DetalheAgencia",
  "pk": 77
},
{
  "fields": {
    "agencia": 152,
    "pa": 1,
    "horario": 1,
    "link": 4,
    "uc": 4134133,
    "condicao": "alugado",
    "logradouro": "AV. PRESIDENTE MEDICE",
    "numero": "S/N",
    "bairro": "CENTRO",
    "municipio": "MEDICILANDIA",
    "uf": "PA",
    "dt_criado": "2016-09-15T10:50:00+00:00",
    "dt_modificado": "2016-09-15T10:50:00+00:00"
  },
  "model": "cag.DetalheAgencia",
  "pk": 78
},
{
  "fields": {
    "agencia": 67,
    "pa": 1,
    "horario": 1,
    "link": 4,
    "uc": 10429315,
    "condicao": "alugado",
    "logradouro": "",
    "numero": "",
    "bairro": "",
    "municipio": "MELGACO",
    "uf": "PA",
    "dt_criado": "2016-09-15T10:50:00+00:00",
    "dt_modificado": "2016-09-15T10:50:00+00:00"
  },
  "model": "cag.DetalheAgencia",
  "pk": 79
},
{
  "fields": {
    "agencia": 54,
    "pa": 1,
    "horario": 1,
    "link": 6,
    "uc": 4720440,
    "condicao": "proprio",
    "logradouro": "TV MIGUEL DIAS DE ALMEIDA",
    "numero": "644",
    "bairro": "CENTRO",
    "municipio": "MOCAJUBA",
    "uf": "PA",
    "dt_criado": "2016-09-15T10:50:00+00:00",
    "dt_modificado": "2016-09-15T10:50:00+00:00"
  },
  "model": "cag.DetalheAgencia",
  "pk": 80
},
{
  "fields": {
    "agencia": 55,
    "pa": 3,
    "horario": 4,
    "link": 6,
    "uc": 4741285,
    "condicao": "proprio",
    "logradouro": "RUA 7 DE SETEMBRO ",
    "numero": "S/N",
    "bairro": "CENTRO",
    "municipio": "MOJU",
    "uf": "PA",
    "dt_criado": "2016-09-15T10:50:00+00:00",
    "dt_modificado": "2016-09-15T10:50:00+00:00"
  },
  "model": "cag.DetalheAgencia",
  "pk": 81
},
{
  "fields": {
    "agencia": 99,
    "pa": 1,
    "horario": 1,
    "link": 6,
    "uc": 3848450,
    "condicao": "alugado",
    "logradouro": "RUA ANTONIO WALFREDO",
    "numero": "3014",
    "bairro": "",
    "municipio": "MOJUi DOS CAMPOS",
    "uf": "PA",
    "dt_criado": "2016-09-15T10:50:00+00:00",
    "dt_modificado": "2016-09-15T10:50:00+00:00"
  },
  "model": "cag.DetalheAgencia",
  "pk": 82
},
{
  "fields": {
    "agencia": 100,
    "pa": 2,
    "horario": 2,
    "link": 6,
    "uc": 99932333,
    "condicao": "alugado",
    "logradouro": "RUA DOS GURUPATUBAS",
    "numero": "S/N",
    "bairro": "CENTRO",
    "municipio": "MONTE ALEGRE",
    "uf": "PA",
    "dt_criado": "2016-09-15T10:50:00+00:00",
    "dt_modificado": "2016-09-15T10:50:00+00:00"
  },
  "model": "cag.DetalheAgencia",
  "pk": 83
},
{
  "fields": {
    "agencia": 81,
    "pa": 3,
    "horario": 4,
    "link": 1,
    "uc": 3078124,
    "condicao": "proprio",
    "logradouro": "RUA RODRIGUES PINAGÉS",
    "numero": "S/N",
    "bairro": "AEROPORTO",
    "municipio": "BELEM",
    "uf": "PA",
    "dt_criado": "2016-09-15T10:50:00+00:00",
    "dt_modificado": "2016-09-15T10:50:00+00:00"
  },
  "model": "cag.DetalheAgencia",
  "pk": 84
},
{
  "fields": {
    "agencia": 56,
    "pa": 1,
    "horario": 1,
    "link": 5,
    "uc": 4297210,
    "condicao": "proprio",
    "logradouro": "RUA CORONEL MANOEL IZIDRO DA SILVA",
    "numero": "S/N",
    "bairro": "CENTRO",
    "municipio": "MUANA",
    "uf": "PA",
    "dt_criado": "2016-09-15T10:50:00+00:00",
    "dt_modificado": "2016-09-15T10:50:00+00:00"
  },
  "model": "cag.DetalheAgencia",
  "pk": 85
},
{
  "fields": {
    "agencia": 82,
    "pa": 11,
    "horario": 4,
    "link": 1,
    "uc": 106944563,
    "condicao": "comodato",
    "logradouro": "AV MAGALHAES BARATA",
    "numero": "209",
    "bairro": "NAZARÉ",
    "municipio": "BELEM",
    "uf": "PA",
    "dt_criado": "2016-09-15T10:50:00+00:00",
    "dt_modificado": "2016-09-15T10:50:00+00:00"
  },
  "model": "cag.DetalheAgencia",
  "pk": 86
},
{
  "fields": {
    "agencia": 9,
    "pa": 1,
    "horario": 1,
    "link": 6,
    "uc": 12139365,
    "condicao": "alugado",
    "logradouro": "AV . VINTE E SETE DE DEZEMBRO ",
    "numero": "612",
    "bairro": "",
    "municipio": "NOVA ESPERANCA DO PIRIA",
    "uf": "PA",
    "dt_criado": "2016-09-15T10:50:00+00:00",
    "dt_modificado": "2016-09-15T10:50:00+00:00"
  },
  "model": "cag.DetalheAgencia",
  "pk": 87
},
{
  "fields": {
    "agencia": 114,
    "pa": 1,
    "horario": 1,
    "link": 4,
    "uc": 5298512,
    "condicao": "naoinformado",
    "logradouro": "AVENIDA TOCANTINS",
    "numero": "397",
    "bairro": "CENTRO",
    "municipio": "NOVA IPIXUNA",
    "uf": "PA",
    "dt_criado": "2016-09-15T10:50:00+00:00",
    "dt_modificado": "2016-09-15T10:50:00+00:00"
  },
  "model": "cag.DetalheAgencia",
  "pk": 88
},
{
  "fields": {
    "agencia": 10,
    "pa": 1,
    "horario": 1,
    "link": 6,
    "uc": 7061293,
    "condicao": "proprio",
    "logradouro": "TV. JOÃO PESSOA",
    "numero": "1208",
    "bairro": "",
    "municipio": "NOVA TIMBOTEUA",
    "uf": "PA",
    "dt_criado": "2016-09-15T10:50:00+00:00",
    "dt_modificado": "2016-09-15T10:50:00+00:00"
  },
  "model": "cag.DetalheAgencia",
  "pk": 89
},
{
  "fields": {
    "agencia": 90,
    "pa": 2,
    "horario": 2,
    "link": 6,
    "uc": 80531729,
    "condicao": "alugado",
    "logradouro": "RUA MEDIANEIRA",
    "numero": "390",
    "bairro": "RUY PIRES DE LIMA",
    "municipio": "NOVO PROGRESSO",
    "uf": "PA",
    "dt_criado": "2016-09-15T10:50:00+00:00",
    "dt_modificado": "2016-09-15T10:50:00+00:00"
  },
  "model": "cag.DetalheAgencia",
  "pk": 90
},
{
  "fields": {
    "agencia": 115,
    "pa": 3,
    "horario": 4,
    "link": 5,
    "uc": 17231685,
    "condicao": "alugado",
    "logradouro": "AV CUPUAÇU QUADRA 1º LOTE 08 ",
    "numero": "198",
    "bairro": "",
    "municipio": "NOVO REPARTIMENTO",
    "uf": "PA",
    "dt_criado": "2016-09-15T10:50:00+00:00",
    "dt_modificado": "2016-09-15T10:50:00+00:00"
  },
  "model": "cag.DetalheAgencia",
  "pk": 91
},
{
  "fields": {
    "agencia": 101,
    "pa": 1,
    "horario": 2,
    "link": 6,
    "uc": 80533241,
    "condicao": "alugado",
    "logradouro": "RUA ALMIRANTE BARROSO",
    "numero": "S/N",
    "bairro": "CENTRO",
    "municipio": "OBIDOS",
    "uf": "PA",
    "dt_criado": "2016-09-15T10:50:00+00:00",
    "dt_modificado": "2016-09-15T10:50:00+00:00"
  },
  "model": "cag.DetalheAgencia",
  "pk": 92
},
{
  "fields": {
    "agencia": 68,
    "pa": 1,
    "horario": 1,
    "link": 6,
    "uc": 4797779,
    "condicao": "proprio",
    "logradouro": "RUA ANTONIO COSTA MAGALHAES",
    "numero": "S/N",
    "bairro": "LIBERDADE",
    "municipio": "OEIRAS DO PARA",
    "uf": "PA",
    "dt_criado": "2016-09-15T10:50:00+00:00",
    "dt_modificado": "2016-09-15T10:50:00+00:00"
  },
  "model": "cag.DetalheAgencia",
  "pk": 93
},
{
  "fields": {
    "agencia": 102,
    "pa": 2,
    "horario": 2,
    "link": 6,
    "uc": 81293740,
    "condicao": "alugado",
    "logradouro": "TV. MAGALHÃES BARATA",
    "numero": "185",
    "bairro": "CENTRO",
    "municipio": "ORIXIMINA",
    "uf": "PA",
    "dt_criado": "2016-09-15T10:50:00+00:00",
    "dt_modificado": "2016-09-15T10:50:00+00:00"
  },
  "model": "cag.DetalheAgencia",
  "pk": 94
},
{
  "fields": {
    "agencia": 11,
    "pa": 1,
    "horario": 1,
    "link": 4,
    "uc": 5805007,
    "condicao": "proprio",
    "logradouro": "AVª PADRE ANGELO MORETTI ",
    "numero": "327",
    "bairro": "",
    "municipio": "OUREM",
    "uf": "PA",
    "dt_criado": "2016-09-15T10:50:00+00:00",
    "dt_modificado": "2016-09-15T10:50:00+00:00"
  },
  "model": "cag.DetalheAgencia",
  "pk": 95
},
{
  "fields": {
    "agencia": 137,
    "pa": 1,
    "horario": 1,
    "link": 4,
    "uc": 0,
    "condicao": "naoinformado",
    "logradouro": "AVENIDA NAS NAÇÕES ",
    "numero": "2675",
    "bairro": "CENTRO",
    "municipio": "OURILANDIA DO NORTE",
    "uf": "PA",
    "dt_criado": "2016-09-15T10:50:00+00:00",
    "dt_modificado": "2016-09-15T10:50:00+00:00"
  },
  "model": "cag.DetalheAgencia",
  "pk": 96
},
{
  "fields": {
    "agencia": 116,
    "pa": 1,
    "horario": 2,
    "link": 5,
    "uc": 10069025,
    "condicao": "alugado",
    "logradouro": "AV. 22 DE MAIO ",
    "numero": "62",
    "bairro": "CENTRO",
    "municipio": "PACAJA",
    "uf": "PA",
    "dt_criado": "2016-09-15T10:50:00+00:00",
    "dt_modificado": "2016-09-15T10:50:00+00:00"
  },
  "model": "cag.DetalheAgencia",
  "pk": 97
},
{
  "fields": {
    "agencia": 125,
    "pa": 1,
    "horario": 1,
    "link": 4,
    "uc": 5353602,
    "condicao": "naoinformado",
    "logradouro": "RUA MAGALHAES BARATA ",
    "numero": "565",
    "bairro": "CENTRO",
    "municipio": "PALESTINA DO PARA",
    "uf": "PA",
    "dt_criado": "2016-09-15T10:50:00+00:00",
    "dt_modificado": "2016-09-15T10:50:00+00:00"
  },
  "model": "cag.DetalheAgencia",
  "pk": 98
},
{
  "fields": {
    "agencia": 44,
    "pa": 7,
    "horario": 4,
    "link": 1,
    "uc": 5882818,
    "condicao": "alugado",
    "logradouro": "RUA ESTADO DE GOIAS ",
    "numero": "99",
    "bairro": "",
    "municipio": "PARAGOMINAS",
    "uf": "PA",
    "dt_criado": "2016-09-15T10:50:00+00:00",
    "dt_modificado": "2016-09-15T10:50:00+00:00"
  },
  "model": "cag.DetalheAgencia",
  "pk": 99
},
{
  "fields": {
    "agencia": 126,
    "pa": 9,
    "horario": 4,
    "link": 5,
    "uc": 8848769,
    "condicao": "alugado",
    "logradouro": "RUA D ",
    "numero": "298",
    "bairro": "CIDADE NOVA",
    "municipio": "PARAUAPEBAS",
    "uf": "PA",
    "dt_criado": "2016-09-15T10:50:00+00:00",
    "dt_modificado": "2016-09-15T10:50:00+00:00"
  },
  "model": "cag.DetalheAgencia",
  "pk": 100
},
{
  "fields": {
    "agencia": 138,
    "pa": 1,
    "horario": 1,
    "link": 4,
    "uc": 20497505,
    "condicao": "naoinformado",
    "logradouro": "AVENIDA BOA SORTE ",
    "numero": "S/N",
    "bairro": "",
    "municipio": "PAU D'ARCO",
    "uf": "PA",
    "dt_criado": "2016-09-15T10:50:00+00:00",
    "dt_modificado": "2016-09-15T10:50:00+00:00"
  },
  "model": "cag.DetalheAgencia",
  "pk": 101
},
{
  "fields": {
    "agencia": 83,
    "pa": 10,
    "horario": 4,
    "link": 1,
    "uc": 50032,
    "condicao": "alugado",
    "logradouro": "AV PEDRO MIRANDA",
    "numero": "510",
    "bairro": "PEDREIRA",
    "municipio": "BELEM",
    "uf": "PA",
    "dt_criado": "2016-09-15T10:50:00+00:00",
    "dt_modificado": "2016-09-15T10:50:00+00:00"
  },
  "model": "cag.DetalheAgencia",
  "pk": 102
},
{
  "fields": {
    "agencia": 12,
    "pa": 1,
    "horario": 1,
    "link": 6,
    "uc": 105166184,
    "condicao": "alugado",
    "logradouro": "TRAV. ARMANDO RODRIGUES DA SILVA",
    "numero": "S/N",
    "bairro": "",
    "municipio": "PEIXE BOI",
    "uf": "PA",
    "dt_criado": "2016-09-15T10:50:00+00:00",
    "dt_modificado": "2016-09-15T10:50:00+00:00"
  },
  "model": "cag.DetalheAgencia",
  "pk": 103
},
{
  "fields": {
    "agencia": 127,
    "pa": 1,
    "horario": 1,
    "link": 5,
    "uc": 50276325,
    "condicao": "alugado",
    "logradouro": "AVENIDA ARAGUAIA ",
    "numero": "162",
    "bairro": "CENTRO",
    "municipio": "PICARRA",
    "uf": "PA",
    "dt_criado": "2016-09-15T10:50:00+00:00",
    "dt_modificado": "2016-09-15T10:50:00+00:00"
  },
  "model": "cag.DetalheAgencia",
  "pk": 104
},
{
  "fields": {
    "agencia": 153,
    "pa": 1,
    "horario": 1,
    "link": 4,
    "uc": 17732480,
    "condicao": "naoinformado",
    "logradouro": "TV. OTAVIANO DE MACEDO",
    "numero": "S/N",
    "bairro": "CENTRO",
    "municipio": "PLACAS",
    "uf": "PA",
    "dt_criado": "2016-09-15T10:50:00+00:00",
    "dt_modificado": "2016-09-15T10:50:00+00:00"
  },
  "model": "cag.DetalheAgencia",
  "pk": 105
},
{
  "fields": {
    "agencia": 57,
    "pa": 1,
    "horario": 1,
    "link": 6,
    "uc": 4322363,
    "condicao": "alugado",
    "logradouro": "RD. MANGABEIRA",
    "numero": "S/N",
    "bairro": "CENTRO",
    "municipio": "PONTA DE PEDRAS",
    "uf": "PA",
    "dt_criado": "2016-09-15T10:50:00+00:00",
    "dt_modificado": "2016-09-15T10:50:00+00:00"
  },
  "model": "cag.DetalheAgencia",
  "pk": 106
},
{
  "fields": {
    "agencia": 69,
    "pa": 1,
    "horario": 1,
    "link": 4,
    "uc": 4249054,
    "condicao": "alugado",
    "logradouro": "AV. MAGALHES BARATA",
    "numero": "S/N",
    "bairro": "CENTRO",
    "municipio": "PORTEL",
    "uf": "PA",
    "dt_criado": "2016-09-15T10:50:00+00:00",
    "dt_modificado": "2016-09-15T10:50:00+00:00"
  },
  "model": "cag.DetalheAgencia",
  "pk": 107
},
{
  "fields": {
    "agencia": 154,
    "pa": 1,
    "horario": 1,
    "link": 5,
    "uc": 3989240,
    "condicao": "proprio",
    "logradouro": "TV. LAURO SODRÉ",
    "numero": "800",
    "bairro": "CABANAGEM ",
    "municipio": "PORTO DE MOZ",
    "uf": "PA",
    "dt_criado": "2016-09-15T10:50:00+00:00",
    "dt_modificado": "2016-09-15T10:50:00+00:00"
  },
  "model": "cag.DetalheAgencia",
  "pk": 108
},
{
  "fields": {
    "agencia": 103,
    "pa": 1,
    "horario": 1,
    "link": 6,
    "uc": 4004396,
    "condicao": "alugado",
    "logradouro": "TV PAES DE CARVALHO",
    "numero": "S/N",
    "bairro": "CENTRO",
    "municipio": "PRAINHA",
    "uf": "PA",
    "dt_criado": "2016-09-15T10:50:00+00:00",
    "dt_modificado": "2016-09-15T10:50:00+00:00"
  },
  "model": "cag.DetalheAgencia",
  "pk": 109
},
{
  "fields": {
    "agencia": 13,
    "pa": 1,
    "horario": 1,
    "link": 4,
    "uc": 6156967,
    "condicao": "proprio",
    "logradouro": "AV GENERAL MOURA CARVALHO ",
    "numero": "S/N",
    "bairro": "",
    "municipio": "PRIMAVERA",
    "uf": "PA",
    "dt_criado": "2016-09-15T10:50:00+00:00",
    "dt_modificado": "2016-09-15T10:50:00+00:00"
  },
  "model": "cag.DetalheAgencia",
  "pk": 110
},
{
  "fields": {
    "agencia": 14,
    "pa": 1,
    "horario": 1,
    "link": 4,
    "uc": 23549344,
    "condicao": "naoinformado",
    "logradouro": "RUA CONEGO SIQUEIRA",
    "numero": "S/N",
    "bairro": "",
    "municipio": "QUATIPURU",
    "uf": "PA",
    "dt_criado": "2016-09-15T10:50:00+00:00",
    "dt_modificado": "2016-09-15T10:50:00+00:00"
  },
  "model": "cag.DetalheAgencia",
  "pk": 111
},
{
  "fields": {
    "agencia": 139,
    "pa": 6,
    "horario": 4,
    "link": 2,
    "uc": 50731294,
    "condicao": "alugado",
    "logradouro": "AV. JOSÉ CARION ",
    "numero": "1909",
    "bairro": "CENTRO",
    "municipio": "REDENCAO",
    "uf": "PA",
    "dt_criado": "2016-09-15T10:50:00+00:00",
    "dt_modificado": "2016-09-15T10:50:00+00:00"
  },
  "model": "cag.DetalheAgencia",
  "pk": 112
},
{
  "fields": {
    "agencia": 140,
    "pa": 1,
    "horario": 1,
    "link": 5,
    "uc": 8574332,
    "condicao": "alugado",
    "logradouro": "AVENIDA OITO",
    "numero": "S/N",
    "bairro": "CENTRO",
    "municipio": "RIO MARIA",
    "uf": "PA",
    "dt_criado": "2016-09-15T10:50:00+00:00",
    "dt_modificado": "2016-09-15T10:50:00+00:00"
  },
  "model": "cag.DetalheAgencia",
  "pk": 113
},
{
  "fields": {
    "agencia": 141,
    "pa": 1,
    "horario": 1,
    "link": 5,
    "uc": 0,
    "condicao": "alugado",
    "logradouro": "RUA JADER BARBALHO ",
    "numero": "S/N",
    "bairro": "",
    "municipio": "XINGUARA",
    "uf": "PA",
    "dt_criado": "2016-09-15T10:50:00+00:00",
    "dt_modificado": "2016-09-15T10:50:00+00:00"
  },
  "model": "cag.DetalheAgencia",
  "pk": 114
},
{
  "fields": {
    "agencia": 117,
    "pa": 2,
    "horario": 2,
    "link": 5,
    "uc": 8647933,
    "condicao": "proprio",
    "logradouro": "RUA RIO GRANDE DO SUL",
    "numero": "S/N",
    "bairro": "",
    "municipio": "RONDON DO PARA",
    "uf": "PA",
    "dt_criado": "2016-09-15T10:50:00+00:00",
    "dt_modificado": "2016-09-15T10:50:00+00:00"
  },
  "model": "cag.DetalheAgencia",
  "pk": 115
},
{
  "fields": {
    "agencia": 91,
    "pa": 1,
    "horario": 1,
    "link": 6,
    "uc": 45348342,
    "condicao": "alugado",
    "logradouro": "RUA AYRTON SENA",
    "numero": "331",
    "bairro": "CENTRO",
    "municipio": "RUROPOLIS",
    "uf": "PA",
    "dt_criado": "2016-09-15T10:50:00+00:00",
    "dt_modificado": "2016-09-15T10:50:00+00:00"
  },
  "model": "cag.DetalheAgencia",
  "pk": 116
},
{
  "fields": {
    "agencia": 15,
    "pa": 3,
    "horario": 4,
    "link": 1,
    "uc": 6174957,
    "condicao": "proprio",
    "logradouro": "RUA MIRIÇA SANTA BRIGIDA ",
    "numero": "S/N",
    "bairro": "",
    "municipio": "SALINOPOLIS",
    "uf": "PA",
    "dt_criado": "2016-09-15T10:50:00+00:00",
    "dt_modificado": "2016-09-15T10:50:00+00:00"
  },
  "model": "cag.DetalheAgencia",
  "pk": 117
},
{
  "fields": {
    "agencia": 70,
    "pa": 2,
    "horario": 2,
    "link": 5,
    "uc": 4322789,
    "condicao": "proprio",
    "logradouro": "RUA CARLOS CARNEIRO",
    "numero": "S/N",
    "bairro": "CENTRO",
    "municipio": "SALVATERRA",
    "uf": "PA",
    "dt_criado": "2016-09-15T10:50:00+00:00",
    "dt_modificado": "2016-09-15T10:50:00+00:00"
  },
  "model": "cag.DetalheAgencia",
  "pk": 118
},
{
  "fields": {
    "agencia": 84,
    "pa": 1,
    "horario": 1,
    "link": 5,
    "uc": 92159779,
    "condicao": "alugado",
    "logradouro": "RUA FERNANDO FERRARI ",
    "numero": "555",
    "bairro": "",
    "municipio": "SANTA BARBARA DO PARA",
    "uf": "PA",
    "dt_criado": "2016-09-15T10:50:00+00:00",
    "dt_modificado": "2016-09-15T10:50:00+00:00"
  },
  "model": "cag.DetalheAgencia",
  "pk": 119
},
{
  "fields": {
    "agencia": 71,
    "pa": 1,
    "horario": 1,
    "link": 5,
    "uc": 103772710,
    "condicao": "alugado",
    "logradouro": "RUA BOA VISTA",
    "numero": "46",
    "bairro": "",
    "municipio": "SANTA CRUZ DO ARARI",
    "uf": "PA",
    "dt_criado": "2016-09-15T10:50:00+00:00",
    "dt_modificado": "2016-09-15T10:50:00+00:00"
  },
  "model": "cag.DetalheAgencia",
  "pk": 120
},
{
  "fields": {
    "agencia": 118,
    "pa": 2,
    "horario": 2,
    "link": 4,
    "uc": 0,
    "condicao": "alugado",
    "logradouro": "RUA SÃO PAULO ",
    "numero": "11",
    "bairro": "",
    "municipio": "MARABA",
    "uf": "PA",
    "dt_criado": "2016-09-15T10:50:00+00:00",
    "dt_modificado": "2016-09-15T10:50:00+00:00"
  },
  "model": "cag.DetalheAgencia",
  "pk": 121
},
{
  "fields": {
    "agencia": 85,
    "pa": 3,
    "horario": 4,
    "link": 2,
    "uc": 104843026,
    "condicao": "alugado",
    "logradouro": "AV FRANCISCO AMÂNCIO",
    "numero": "1217",
    "bairro": "",
    "municipio": "SANTA IZABEL DO PARA",
    "uf": "PA",
    "dt_criado": "2016-09-15T10:50:00+00:00",
    "dt_modificado": "2016-09-15T10:50:00+00:00"
  },
  "model": "cag.DetalheAgencia",
  "pk": 122
},
{
  "fields": {
    "agencia": 16,
    "pa": 1,
    "horario": 2,
    "link": 6,
    "uc": 5825890,
    "condicao": "alugado",
    "logradouro": "AV CASTELO BRANCO ",
    "numero": "S/N",
    "bairro": "",
    "municipio": "SANTA LUZIA DO PARA",
    "uf": "PA",
    "dt_criado": "2016-09-15T10:50:00+00:00",
    "dt_modificado": "2016-09-15T10:50:00+00:00"
  },
  "model": "cag.DetalheAgencia",
  "pk": 123
},
{
  "fields": {
    "agencia": 28,
    "pa": 1,
    "horario": 1,
    "link": 1,
    "uc": 7193980,
    "condicao": "alugado",
    "logradouro": " AV SANTA MARIA",
    "numero": "1085",
    "bairro": "",
    "municipio": "SANTA MARIA DO PARA",
    "uf": "PA",
    "dt_criado": "2016-09-15T10:50:00+00:00",
    "dt_modificado": "2016-09-15T10:50:00+00:00"
  },
  "model": "cag.DetalheAgencia",
  "pk": 124
},
{
  "fields": {
    "agencia": 142,
    "pa": 2,
    "horario": 2,
    "link": 5,
    "uc": 18686970,
    "condicao": "alugado",
    "logradouro": "AV RAUL CLÁUDIO PRATES ",
    "numero": "235",
    "bairro": "13 CASAS",
    "municipio": "SANTANA DO ARAGUAIA",
    "uf": "PA",
    "dt_criado": "2016-09-15T10:50:00+00:00",
    "dt_modificado": "2016-09-15T10:50:00+00:00"
  },
  "model": "cag.DetalheAgencia",
  "pk": 125
},
{
  "fields": {
    "agencia": 104,
    "pa": 10,
    "horario": 3,
    "link": 1,
    "uc": 3544745,
    "condicao": "alugado",
    "logradouro": "AV. RUI BARBOSA",
    "numero": "62",
    "bairro": "PRAINHA",
    "municipio": "SANTAREM",
    "uf": "PA",
    "dt_criado": "2016-09-15T10:50:00+00:00",
    "dt_modificado": "2016-09-15T10:50:00+00:00"
  },
  "model": "cag.DetalheAgencia",
  "pk": 126
},
{
  "fields": {
    "agencia": 17,
    "pa": 1,
    "horario": 1,
    "link": 6,
    "uc": 105166290,
    "condicao": "alugado",
    "logradouro": "TV. FRANCISCO MARTINS DE OLIVEIRA  ",
    "numero": "1",
    "bairro": "",
    "municipio": "SANTAREM NOVO",
    "uf": "PA",
    "dt_criado": "2016-09-15T10:50:00+00:00",
    "dt_modificado": "2016-09-15T10:50:00+00:00"
  },
  "model": "cag.DetalheAgencia",
  "pk": 127
},
{
  "fields": {
    "agencia": 29,
    "pa": 1,
    "horario": 2,
    "link": 6,
    "uc": 6279970,
    "condicao": "alugado",
    "logradouro": "TV MAGALHÃES BARATA",
    "numero": "303",
    "bairro": "",
    "municipio": "SANTO ANTONIO DO TAUA",
    "uf": "PA",
    "dt_criado": "2016-09-15T10:50:00+00:00",
    "dt_modificado": "2016-09-15T10:50:00+00:00"
  },
  "model": "cag.DetalheAgencia",
  "pk": 128
},
{
  "fields": {
    "agencia": 30,
    "pa": 1,
    "horario": 1,
    "link": 6,
    "uc": 6319050,
    "condicao": "proprio",
    "logradouro": "AV. MAGALHAES BARATA ",
    "numero": "168",
    "bairro": "",
    "municipio": "SAO CAETANO DE ODIVELAS",
    "uf": "PA",
    "dt_criado": "2016-09-15T10:50:00+00:00",
    "dt_modificado": "2016-09-15T10:50:00+00:00"
  },
  "model": "cag.DetalheAgencia",
  "pk": 129
},
{
  "fields": {
    "agencia": 128,
    "pa": 1,
    "horario": 1,
    "link": 5,
    "uc": 50783170,
    "condicao": "alugado",
    "logradouro": "AV DUQUE DE CAXIAS ",
    "numero": "S/N",
    "bairro": "CENTRO",
    "municipio": "SAO DOMINGOS DO ARAGUAIA",
    "uf": "PA",
    "dt_criado": "2016-09-15T10:50:00+00:00",
    "dt_modificado": "2016-09-15T10:50:00+00:00"
  },
  "model": "cag.DetalheAgencia",
  "pk": 130
},
{
  "fields": {
    "agencia": 31,
    "pa": 1,
    "horario": 1,
    "link": 6,
    "uc": 5960355,
    "condicao": "proprio",
    "logradouro": "RODOVIA PA 127 ",
    "numero": "S/N",
    "bairro": "CENTRO",
    "municipio": "SAO DOMINGOS DO CAPIM",
    "uf": "PA",
    "dt_criado": "2016-09-15T10:50:00+00:00",
    "dt_modificado": "2016-09-15T10:50:00+00:00"
  },
  "model": "cag.DetalheAgencia",
  "pk": 131
},
{
  "fields": {
    "agencia": 143,
    "pa": 2,
    "horario": 2,
    "link": 5,
    "uc": 9287035,
    "condicao": "alugado",
    "logradouro": "AV  GOIÁS ",
    "numero": "S/N",
    "bairro": "CENTRO",
    "municipio": "SAO FELIX DO XINGU",
    "uf": "PA",
    "dt_criado": "2016-09-15T10:50:00+00:00",
    "dt_modificado": "2016-09-15T10:50:00+00:00"
  },
  "model": "cag.DetalheAgencia",
  "pk": 132
},
{
  "fields": {
    "agencia": 32,
    "pa": 1,
    "horario": 1,
    "link": 6,
    "uc": 105276869,
    "condicao": "alugado",
    "logradouro": "PRAÇA DA MATRIZ",
    "numero": "S/N",
    "bairro": "",
    "municipio": "SAO FRANCISCO DO PARA",
    "uf": "PA",
    "dt_criado": "2016-09-15T10:50:00+00:00",
    "dt_modificado": "2016-09-15T10:50:00+00:00"
  },
  "model": "cag.DetalheAgencia",
  "pk": 133
},
{
  "fields": {
    "agencia": 129,
    "pa": 1,
    "horario": 1,
    "link": 5,
    "uc": 50387062,
    "condicao": "alugado",
    "logradouro": "AV ANANIAS COSTA ",
    "numero": "S/N",
    "bairro": "",
    "municipio": "SAO GERALDO DO ARAGUAIA",
    "uf": "PA",
    "dt_criado": "2016-09-15T10:50:00+00:00",
    "dt_modificado": "2016-09-15T10:50:00+00:00"
  },
  "model": "cag.DetalheAgencia",
  "pk": 134
},
{
  "fields": {
    "agencia": 33,
    "pa": 1,
    "horario": 1,
    "link": 4,
    "uc": 15730480,
    "condicao": "naoinformado",
    "logradouro": "TV INDEPENDENCIA",
    "numero": "135",
    "bairro": "",
    "municipio": "SAO JOAO DA PONTA",
    "uf": "PA",
    "dt_criado": "2016-09-15T10:50:00+00:00",
    "dt_modificado": "2016-09-15T10:50:00+00:00"
  },
  "model": "cag.DetalheAgencia",
  "pk": 135
},
{
  "fields": {
    "agencia": 34,
    "pa": 1,
    "horario": 1,
    "link": 4,
    "uc": 9086129,
    "condicao": "proprio",
    "logradouro": "RUA SALUSTIANO VILHENA FILHO ",
    "numero": "290",
    "bairro": "",
    "municipio": "SAO JOAO DE PIRABAS",
    "uf": "PA",
    "dt_criado": "2016-09-15T10:50:00+00:00",
    "dt_modificado": "2016-09-15T10:50:00+00:00"
  },
  "model": "cag.DetalheAgencia",
  "pk": 136
},
{
  "fields": {
    "agencia": 130,
    "pa": 1,
    "horario": 1,
    "link": 5,
    "uc": 19680711,
    "condicao": "alugado",
    "logradouro": "RUA DOM PEDRO II ",
    "numero": "S/N",
    "bairro": "CENTRO",
    "municipio": "SAO JOAO DO ARAGUAIA",
    "uf": "PA",
    "dt_criado": "2016-09-15T10:50:00+00:00",
    "dt_modificado": "2016-09-15T10:50:00+00:00"
  },
  "model": "cag.DetalheAgencia",
  "pk": 137
},
{
  "fields": {
    "agencia": 45,
    "pa": 3,
    "horario": 4,
    "link": 2,
    "uc": 7283210,
    "condicao": "proprio",
    "logradouro": "RUA AMÉRICO LOPES ",
    "numero": "490",
    "bairro": "",
    "municipio": "SAO MIGUEL DO GUAMA",
    "uf": "PA",
    "dt_criado": "2016-09-15T10:50:00+00:00",
    "dt_modificado": "2016-09-15T10:50:00+00:00"
  },
  "model": "cag.DetalheAgencia",
  "pk": 138
},
{
  "fields": {
    "agencia": 72,
    "pa": 1,
    "horario": 1,
    "link": 4,
    "uc": 4268415,
    "condicao": "alugado",
    "logradouro": "RUA DEZOITO DE NOVEMBRO",
    "numero": "S/N",
    "bairro": "CENTRO",
    "municipio": "SAO SEBASTIAO DA BOA VISTA",
    "uf": "PA",
    "dt_criado": "2016-09-15T10:50:00+00:00",
    "dt_modificado": "2016-09-15T10:50:00+00:00"
  },
  "model": "cag.DetalheAgencia",
  "pk": 139
},
{
  "fields": {
    "agencia": 144,
    "pa": 1,
    "horario": 1,
    "link": 4,
    "uc": 8770441,
    "condicao": "naoinformado",
    "logradouro": "AV: JOSE ALGUSTO MARINHO ",
    "numero": "S/N",
    "bairro": "CENTRO",
    "municipio": "SAPUCAIA",
    "uf": "PA",
    "dt_criado": "2016-09-15T10:50:00+00:00",
    "dt_modificado": "2016-09-15T10:50:00+00:00"
  },
  "model": "cag.DetalheAgencia",
  "pk": 140
},
{
  "fields": {
    "agencia": 155,
    "pa": 1,
    "horario": 1,
    "link": 5,
    "uc": 4286820,
    "condicao": "proprio",
    "logradouro": "RUA MARECHAL ASSUNÇÃO",
    "numero": "S/N",
    "bairro": "CENTRO",
    "municipio": "SENADOR JOSE PORFIRIO",
    "uf": "PA",
    "dt_criado": "2016-09-15T10:50:00+00:00",
    "dt_modificado": "2016-09-15T10:50:00+00:00"
  },
  "model": "cag.DetalheAgencia",
  "pk": 141
},
{
  "fields": {
    "agencia": 73,
    "pa": 2,
    "horario": 2,
    "link": 6,
    "uc": 4342160,
    "condicao": "alugado",
    "logradouro": "RUA CARLOS CARNEIRO",
    "numero": "S/N",
    "bairro": "CENTRO",
    "municipio": "SOURE",
    "uf": "PA",
    "dt_criado": "2016-09-15T10:50:00+00:00",
    "dt_modificado": "2016-09-15T10:50:00+00:00"
  },
  "model": "cag.DetalheAgencia",
  "pk": 142
},
{
  "fields": {
    "agencia": 58,
    "pa": 3,
    "horario": 4,
    "link": 1,
    "uc": 4767748,
    "condicao": "proprio",
    "logradouro": "AV BELÉM",
    "numero": "41",
    "bairro": "CENTRO",
    "municipio": "TAILANDIA",
    "uf": "PA",
    "dt_criado": "2016-09-15T10:50:00+00:00",
    "dt_modificado": "2016-09-15T10:50:00+00:00"
  },
  "model": "cag.DetalheAgencia",
  "pk": 143
},
{
  "fields": {
    "agencia": 35,
    "pa": 1,
    "horario": 1,
    "link": 4,
    "uc": 0,
    "condicao": "alugado",
    "logradouro": "AV. JARBAS PASSARINHO",
    "numero": "55",
    "bairro": "",
    "municipio": "TERRA ALTA",
    "uf": "PA",
    "dt_criado": "2016-09-15T10:50:00+00:00",
    "dt_modificado": "2016-09-15T10:50:00+00:00"
  },
  "model": "cag.DetalheAgencia",
  "pk": 144
},
{
  "fields": {
    "agencia": 105,
    "pa": 1,
    "horario": 1,
    "link": 3,
    "uc": 80362005,
    "condicao": "alugado",
    "logradouro": "TV. AUZIER BENTES",
    "numero": "783",
    "bairro": "CENTRO",
    "municipio": "TERRA SANTA",
    "uf": "PA",
    "dt_criado": "2016-09-15T10:50:00+00:00",
    "dt_modificado": "2016-09-15T10:50:00+00:00"
  },
  "model": "cag.DetalheAgencia",
  "pk": 145
},
{
  "fields": {
    "agencia": 46,
    "pa": 3,
    "horario": 4,
    "link": 6,
    "uc": 5685575,
    "condicao": "alugado",
    "logradouro": "RUA FRANCISCO SOARES ",
    "numero": "293",
    "bairro": "",
    "municipio": "TOME-ACU",
    "uf": "PA",
    "dt_criado": "2016-09-15T10:50:00+00:00",
    "dt_modificado": "2016-09-15T10:50:00+00:00"
  },
  "model": "cag.DetalheAgencia",
  "pk": 146
},
{
  "fields": {
    "agencia": 18,
    "pa": 1,
    "horario": 1,
    "link": 4,
    "uc": 0,
    "condicao": "naoinformado",
    "logradouro": "TV SÃO SEBASTIÃO ",
    "numero": "S/N",
    "bairro": "",
    "municipio": "TRACUATEUA",
    "uf": "PA",
    "dt_criado": "2016-09-15T10:50:00+00:00",
    "dt_modificado": "2016-09-15T10:50:00+00:00"
  },
  "model": "cag.DetalheAgencia",
  "pk": 147
},
{
  "fields": {
    "agencia": 92,
    "pa": 1,
    "horario": 1,
    "link": 6,
    "uc": 80182619,
    "condicao": "alugado",
    "logradouro": "RUA ULISSES GUIMARÃES ",
    "numero": "34",
    "bairro": "",
    "municipio": "TRAIRãO",
    "uf": "PA",
    "dt_criado": "2016-09-15T10:50:00+00:00",
    "dt_modificado": "2016-09-15T10:50:00+00:00"
  },
  "model": "cag.DetalheAgencia",
  "pk": 148
},
{
  "fields": {
    "agencia": 145,
    "pa": 3,
    "horario": 4,
    "link": 5,
    "uc": 9219005,
    "condicao": "proprio",
    "logradouro": "AV. AMAZONAS",
    "numero": "S/N",
    "bairro": "",
    "municipio": "TUCUMA",
    "uf": "PA",
    "dt_criado": "2016-09-15T10:50:00+00:00",
    "dt_modificado": "2016-09-15T10:50:00+00:00"
  },
  "model": "cag.DetalheAgencia",
  "pk": 149
},
{
  "fields": {
    "agencia": 119,
    "pa": 4,
    "horario": 4,
    "link": 1,
    "uc": 5359856,
    "condicao": "proprio",
    "logradouro": "RUA SANTO ANTÔNIO ",
    "numero": "S/N",
    "bairro": "",
    "municipio": "TUCURUI",
    "uf": "PA",
    "dt_criado": "2016-09-15T10:50:00+00:00",
    "dt_modificado": "2016-09-15T10:50:00+00:00"
  },
  "model": "cag.DetalheAgencia",
  "pk": 150
},
{
  "fields": {
    "agencia": 47,
    "pa": 2,
    "horario": 2,
    "link": 4,
    "uc": 98634835,
    "condicao": "alugado",
    "logradouro": "RUA JOÃO BUSEI ",
    "numero": "S/N",
    "bairro": "",
    "municipio": "ULIANOPOLIS",
    "uf": "PA",
    "dt_criado": "2016-09-15T10:50:00+00:00",
    "dt_modificado": "2016-09-15T10:50:00+00:00"
  },
  "model": "cag.DetalheAgencia",
  "pk": 151
},
{
  "fields": {
    "agencia": 156,
    "pa": 2,
    "horario": 2,
    "link": 6,
    "uc": 80400896,
    "condicao": "alugado",
    "logradouro": "AV. ANGELO DE BIAZI",
    "numero": "S/N",
    "bairro": "CENTRO",
    "municipio": "URUARA",
    "uf": "PA",
    "dt_criado": "2016-09-15T10:50:00+00:00",
    "dt_modificado": "2016-09-15T10:50:00+00:00"
  },
  "model": "cag.DetalheAgencia",
  "pk": 152
},
{
  "fields": {
    "agencia": 36,
    "pa": 3,
    "horario": 4,
    "link": 6,
    "uc": 6349722,
    "condicao": "alugado",
    "logradouro": "AV MARCELINO ALVES",
    "numero": "1513",
    "bairro": "",
    "municipio": "VIGIA",
    "uf": "PA",
    "dt_criado": "2016-09-15T10:50:00+00:00",
    "dt_modificado": "2016-09-15T10:50:00+00:00"
  },
  "model": "cag.DetalheAgencia",
  "pk": 153
},
{
  "fields": {
    "agencia": 59,
    "pa": 3,
    "horario": 4,
    "link": 1,
    "uc": 4589963,
    "condicao": "alugado",
    "logradouro": "RUA DOM ROMUALDO COELHO",
    "numero": "379",
    "bairro": "",
    "municipio": "BARCARENA",
    "uf": "PA",
    "dt_criado": "2016-09-15T10:50:00+00:00",
    "dt_modificado": "2016-09-15T10:50:00+00:00"
  },
  "model": "cag.DetalheAgencia",
  "pk": 154
},
{
  "fields": {
    "agencia": 19,
    "pa": 2,
    "horario": 2,
    "link": 4,
    "uc": 13170290,
    "condicao": "proprio",
    "logradouro": "RUA SÃO BENEDITO ",
    "numero": "S/N",
    "bairro": "",
    "municipio": "VISEU",
    "uf": "PA",
    "dt_criado": "2016-09-15T10:50:00+00:00",
    "dt_modificado": "2016-09-15T10:50:00+00:00"
  },
  "model": "cag.DetalheAgencia",
  "pk": 155
},
{
  "fields": {
    "agencia": 157,
    "pa": 1,
    "horario": 1,
    "link": 4,
    "uc": 80399049,
    "condicao": "alugado",
    "logradouro": "AV. MANOEL FELIX DE FARIAS",
    "numero": "1034",
    "bairro": "CENTRO",
    "municipio": "VITORIA DO XINGU",
    "uf": "PA",
    "dt_criado": "2016-09-15T10:50:00+00:00",
    "dt_modificado": "2016-09-15T10:50:00+00:00"
  },
  "model": "cag.DetalheAgencia",
  "pk": 156
},
{
  "fields": {
    "agencia": 146,
    "pa": 3,
    "horario": 4,
    "link": 5,
    "uc": 8742499,
    "condicao": "alugado",
    "logradouro": "RUA BRASIL ",
    "numero": "S/N",
    "bairro": "CENTRO",
    "municipio": "XINGUARA",
    "uf": "PA",
    "dt_criado": "2016-09-15T10:50:00+00:00",
    "dt_modificado": "2016-09-15T10:50:00+00:00"
  },
  "model": "cag.DetalheAgencia",
  "pk": 157
}
]